data_inizio,data_fine,Brand,Percentuale_Sconto,Modello
2022-03-13,2022-03-20 14:50:14 UTC,Acura,18,CL
2021-12-20,2021-12-23 07:14:56 UTC,Chevrolet,23,Suburban 1500
2022-02-06,2022-03-08 11:33:17 UTC,Oldsmobile,8,Alero
2022-01-17,2022-02-09 05:26:36 UTC,Mitsubishi,23,Galant
2021-12-24,2022-01-20 18:12:10 UTC,Chevrolet,25,Express 1500
2022-05-16,2022-06-10 05:09:55 UTC,Ford,18,Thunderbird
2021-09-06,2021-10-01 21:22:49 UTC,Ford,21,Ranger
2021-11-17,2021-11-21 23:41:32 UTC,Cadillac,5,DTS
2022-04-18,2022-04-21 12:55:55 UTC,Jeep,5,Wrangler
2022-03-18,2022-03-29 07:14:33 UTC,Suzuki,7,SJ
2022-01-10,2022-02-09 09:56:01 UTC,Cadillac,20,Seville
2022-04-30,2022-05-28 19:40:35 UTC,Tesla,17,Roadster
2022-06-04,2022-06-12 22:03:19 UTC,Cadillac,28,Escalade EXT
2021-09-23,2021-09-26 22:46:24 UTC,Mercedes-Benz,10,SLS AMG
2021-10-07,2021-10-28 19:14:44 UTC,Jaguar,12,XK
2022-02-03,2022-02-17 12:38:06 UTC,Ford,8,Bronco
2022-07-23,2022-08-07 17:43:55 UTC,Lotus,18,Exige
2022-02-11,2022-02-22 10:18:05 UTC,Acura,12,RSX
2022-07-12,2022-07-23 10:07:43 UTC,GMC,9,Envoy XUV
2021-10-02,2021-10-12 20:10:03 UTC,Nissan,17,Rogue
2022-07-06,2022-08-02 16:40:06 UTC,Mazda,29,626
2022-03-31,2022-04-03 03:52:31 UTC,Saturn,26,S-Series
2021-12-10,2021-12-14 23:24:10 UTC,Volkswagen,13,Touareg
2021-10-06,2021-10-15 02:19:20 UTC,Mitsubishi,12,Montero Sport
2022-02-15,2022-03-09 00:33:43 UTC,Pontiac,29,G8
2022-07-14,2022-08-05 04:31:13 UTC,Mercedes-Benz,8,GLK-Class
2022-07-05,2022-07-26 00:46:16 UTC,Mercury,14,Topaz
2022-03-02,2022-03-17 05:34:03 UTC,Nissan,14,Pathfinder
2021-12-22,2022-01-21 08:59:34 UTC,Nissan,26,Pathfinder
2022-07-09,2022-08-04 14:29:55 UTC,Mitsubishi,10,Lancer Evolution
2021-11-06,2021-11-19 07:43:07 UTC,Chrysler,13,LeBaron
2021-10-25,2021-11-02 05:00:21 UTC,Pontiac,24,Grand Prix
2022-01-08,2022-01-10 23:52:34 UTC,Dodge,20,Dakota Club
2022-07-29,2022-08-18 01:35:13 UTC,Citroën,30,SM
2022-02-12,2022-03-10 02:38:58 UTC,Mazda,28,B-Series Plus
2021-12-28,2022-01-18 11:44:31 UTC,Chrysler,30,Pacifica
2021-09-24,2021-10-13 01:02:22 UTC,Volkswagen,6,Eurovan
2022-06-12,2022-06-29 20:18:37 UTC,GMC,27,EV1
2022-01-03,2022-01-11 12:07:06 UTC,GMC,12,1500
2021-09-29,2021-10-06 02:59:41 UTC,Mazda,14,Miata MX-5
2022-05-19,2022-06-04 05:24:19 UTC,Chevrolet,7,Silverado
2022-01-15,2022-02-14 02:43:21 UTC,Porsche,8,Cayman
2022-01-23,2022-02-17 08:40:23 UTC,Nissan,19,Frontier
2021-11-22,2021-11-23 17:00:15 UTC,Chevrolet,28,Prizm
2022-05-24,2022-06-15 14:59:06 UTC,Nissan,28,Murano
2021-09-23,2021-10-12 11:33:46 UTC,Isuzu,25,Ascender
2022-04-23,2022-05-19 21:51:32 UTC,Ford,25,Explorer
2022-06-23,2022-07-16 10:21:22 UTC,Mercedes-Benz,19,S-Class
2022-07-07,2022-07-12 22:22:13 UTC,Mercury,19,Mariner
2022-07-09,2022-08-01 06:12:51 UTC,BMW,27,X5
2022-02-14,2022-02-23 15:36:28 UTC,Saturn,20,Sky
2022-07-06,2022-07-11 12:28:46 UTC,GMC,30,3500
2021-11-07,2021-12-03 11:00:11 UTC,Lincoln,22,Town Car
2022-04-10,2022-05-03 17:19:03 UTC,Toyota,28,Land Cruiser
2022-03-04,2022-03-22 15:25:05 UTC,Volvo,9,940
2022-03-26,2022-04-15 08:46:55 UTC,Lotus,26,Elan
2022-07-01,2022-07-22 06:57:15 UTC,Volkswagen,8,Passat
2022-05-28,2022-06-01 12:54:47 UTC,Chevrolet,20,Venture
2021-09-03,2021-10-02 09:50:03 UTC,Ford,9,GT500
2022-07-21,2022-08-13 04:31:40 UTC,Audi,23,S4
2021-09-21,2021-10-01 23:46:31 UTC,Bentley,9,Continental
2022-07-02,2022-07-20 08:25:34 UTC,Mercedes-Benz,28,E-Class
2021-09-26,2021-10-02 02:36:22 UTC,Lamborghini,11,Murciélago
2021-10-27,2021-11-04 03:19:54 UTC,Land Rover,11,Discovery
2021-09-12,2021-09-29 04:32:20 UTC,Hyundai,7,Elantra
2022-05-14,2022-05-31 08:59:47 UTC,Chevrolet,28,Astro
2022-06-13,2022-06-30 21:14:07 UTC,Chevrolet,15,Blazer
2021-12-25,2022-01-09 15:23:14 UTC,Cadillac,11,STS
2022-04-02,2022-04-28 01:37:41 UTC,Lexus,18,GS
2022-07-30,2022-08-24 15:01:04 UTC,Chevrolet,20,Suburban 2500
2021-12-22,2022-01-12 10:37:45 UTC,Suzuki,6,X-90
2022-02-15,2022-02-16 15:48:18 UTC,Hummer,5,H1
2021-10-31,2021-11-08 20:57:27 UTC,Dodge,5,Ram 2500
2022-04-15,2022-04-25 03:05:01 UTC,Studebaker,14,Avanti
2021-10-31,2021-11-17 15:32:03 UTC,Mazda,16,Protege5
2022-02-24,2022-03-12 05:14:43 UTC,Dodge,11,Ram 3500
2021-10-10,2021-10-27 18:01:07 UTC,Toyota,23,Camry
2022-02-10,2022-02-22 21:18:53 UTC,Infiniti,29,Q
2022-05-20,2022-06-15 02:19:42 UTC,Cadillac,18,Escalade ESV
2021-10-15,2021-10-18 09:42:00 UTC,Lotus,7,Esprit
2022-07-03,2022-07-30 16:14:30 UTC,Lincoln,20,Navigator
2022-01-08,2022-01-20 21:03:50 UTC,Audi,13,TT
2022-07-14,2022-08-03 08:38:12 UTC,Pontiac,21,Grand Prix
2022-03-18,2022-04-01 10:06:13 UTC,Honda,11,CR-V
2022-01-28,2022-02-16 10:14:18 UTC,BMW,23,X6 M
2021-09-04,2021-09-19 14:56:13 UTC,Volkswagen,15,CC
2021-11-11,2021-11-20 01:01:46 UTC,Mercedes-Benz,23,S-Class
2022-06-02,2022-06-27 15:51:12 UTC,Ford,15,Ranger
2021-12-02,2021-12-30 14:35:52 UTC,Cadillac,20,STS
2021-12-24,2022-01-04 00:37:56 UTC,Lincoln,6,MKT
2021-09-14,2021-10-02 18:56:19 UTC,Subaru,6,Tribeca
2022-02-06,2022-02-22 17:16:18 UTC,Morgan,5,Aero 8
2022-04-03,2022-04-20 17:59:49 UTC,Hummer,22,H1
2022-04-14,2022-05-06 02:51:14 UTC,Jeep,14,Grand Cherokee
2022-07-20,2022-08-19 23:31:38 UTC,Chevrolet,13,1500
2022-03-05,2022-03-28 07:15:52 UTC,Chevrolet,20,Silverado 1500
2021-12-06,2021-12-21 16:36:27 UTC,Lexus,6,ES
2021-09-15,2021-09-16 21:26:56 UTC,Suzuki,23,XL7
2022-02-18,2022-02-28 14:44:09 UTC,Mitsubishi,30,Pajero
2021-10-05,2021-10-14 00:36:39 UTC,Ford,30,E150
2021-10-13,2021-11-06 21:50:53 UTC,Chrysler,25,Aspen
2022-07-09,2022-07-22 23:41:17 UTC,Toyota,25,Avalon
2022-07-11,2022-07-22 09:34:57 UTC,Ford,8,Econoline E250
2021-12-18,2022-01-15 02:21:09 UTC,Chevrolet,23,Beretta
2022-07-28,2022-08-19 18:49:19 UTC,Mazda,26,GLC
2022-06-06,2022-06-21 22:12:36 UTC,Chevrolet,10,Silverado
2022-06-27,2022-07-03 14:06:44 UTC,Mitsubishi,22,Eclipse
2021-10-25,2021-11-22 16:51:00 UTC,Dodge,24,Ram Van 2500
2022-02-26,2022-03-13 16:58:11 UTC,Toyota,11,Corolla
2021-09-04,2021-09-09 11:36:51 UTC,Dodge,30,Ramcharger
2022-02-09,2022-03-01 11:02:21 UTC,Cadillac,24,SRX
2022-01-30,2022-02-13 02:15:38 UTC,Chevrolet,12,Silverado
2022-07-05,2022-07-11 20:47:14 UTC,GMC,30,Vandura 2500
2022-05-28,2022-06-11 06:47:05 UTC,Mazda,25,CX-9
2021-09-03,2021-09-26 16:17:58 UTC,Dodge,8,Neon
2022-06-18,2022-07-07 00:46:53 UTC,Pontiac,24,Solstice
2021-09-09,2021-10-03 05:03:31 UTC,Pontiac,8,Grand Prix
2022-05-16,2022-06-02 06:13:06 UTC,Land Rover,14,Range Rover
2022-01-07,2022-01-26 01:13:20 UTC,GMC,22,Sierra 1500
2022-02-28,2022-03-29 02:57:50 UTC,Lincoln,8,Navigator L
2022-02-28,2022-03-15 12:04:09 UTC,Land Rover,29,Discovery
2022-06-11,2022-06-23 14:21:52 UTC,Mitsubishi,20,Mirage
2021-12-12,2022-01-09 10:47:48 UTC,Mitsubishi,23,GTO
2022-05-28,2022-06-03 11:41:23 UTC,Maybach,21,62
2022-03-06,2022-03-22 01:47:38 UTC,Chevrolet,29,Corvette
2022-05-30,2022-06-19 12:35:13 UTC,Ford,15,Escort
2022-03-29,2022-04-25 10:28:25 UTC,Hummer,23,H1
2021-11-21,2021-11-27 21:33:42 UTC,Cadillac,22,DeVille
2022-06-08,2022-06-13 03:35:28 UTC,Mercury,25,Mystique
2021-11-13,2021-12-05 17:19:20 UTC,Toyota,15,Venza
2022-04-08,2022-04-29 17:37:39 UTC,Volvo,27,S40
2022-06-21,2022-06-22 23:08:07 UTC,Chevrolet,6,HHR
2021-11-27,2021-12-03 22:01:24 UTC,Lincoln,30,Continental
2021-12-24,2022-01-18 10:46:43 UTC,Mercedes-Benz,8,SL-Class
2022-01-20,2022-02-01 19:15:50 UTC,Saab,12,900
2021-09-17,2021-10-13 14:31:32 UTC,Nissan,21,200SX
2022-04-30,2022-05-24 12:57:43 UTC,Plymouth,11,Grand Voyager
2022-05-15,2022-05-24 13:50:46 UTC,GMC,19,1500
2021-10-07,2021-10-28 05:51:38 UTC,Infiniti,30,FX
2021-12-15,2021-12-28 08:45:32 UTC,Suzuki,10,Swift
2022-02-10,2022-03-03 13:14:07 UTC,Porsche,5,944
2021-12-25,2022-01-06 08:32:10 UTC,GMC,19,Envoy XL
2021-09-03,2021-09-13 09:46:28 UTC,Infiniti,21,M
2021-11-10,2021-12-07 23:26:26 UTC,Ford,27,Mustang
2021-10-23,2021-10-27 18:25:17 UTC,Hyundai,8,XG350
2022-05-12,2022-05-18 08:46:48 UTC,Jaguar,12,S-Type
2022-02-16,2022-02-22 18:17:15 UTC,Isuzu,17,Hombre
2022-07-06,2022-07-27 13:27:42 UTC,Pontiac,28,Torrent
2022-03-29,2022-04-11 22:19:14 UTC,Buick,18,Regal
2021-11-29,2021-12-24 03:09:11 UTC,Pontiac,6,Montana
2021-10-12,2021-10-15 07:50:27 UTC,Chevrolet,16,Corvette
2022-01-17,2022-01-26 00:04:02 UTC,Bentley,15,Azure
2021-10-12,2021-11-03 07:39:10 UTC,Saturn,7,Astra
2022-03-08,2022-03-13 17:29:23 UTC,Bentley,26,Continental
2021-12-25,2022-01-02 03:24:36 UTC,Tesla,15,Roadster
2022-05-25,2022-05-26 06:00:24 UTC,Volvo,11,V50
2022-01-09,2022-02-08 11:20:46 UTC,Buick,21,Riviera
2022-04-19,2022-05-11 10:01:27 UTC,Mitsubishi,23,Chariot
2022-01-01,2022-01-10 23:49:12 UTC,Toyota,14,Corolla
2022-01-27,2022-02-09 21:21:38 UTC,Ford,28,GT
2022-05-08,2022-06-03 12:59:35 UTC,Isuzu,15,Hombre
2021-09-23,2021-09-25 15:49:27 UTC,Nissan,15,Pathfinder
2021-11-21,2021-12-17 18:38:45 UTC,Chevrolet,21,Suburban 1500
2022-03-16,2022-03-29 05:26:36 UTC,MINI,20,Cooper
2021-11-14,2021-12-09 22:26:05 UTC,Dodge,7,Magnum
2022-05-02,2022-05-18 07:55:36 UTC,Hyundai,8,Accent
2021-10-02,2021-10-14 19:15:05 UTC,Audi,19,A6
2021-10-16,2021-10-22 08:18:19 UTC,Jaguar,24,S-Type
2021-10-31,2021-11-06 15:48:44 UTC,Mazda,16,MX-5
2021-12-28,2022-01-27 14:41:01 UTC,Subaru,14,Forester
2021-10-17,2021-10-29 19:31:27 UTC,Bugatti,5,Veyron
2022-06-06,2022-06-25 17:53:26 UTC,Mazda,14,Tribute
2022-03-28,2022-04-21 03:14:04 UTC,Mitsubishi,22,Mirage
2021-09-18,2021-09-25 01:15:47 UTC,Ford,8,Explorer
2022-02-14,2022-03-11 21:56:07 UTC,Eagle,25,Summit
2022-05-30,2022-06-01 18:53:55 UTC,Ford,19,Econoline E150
2022-04-05,2022-04-26 21:11:55 UTC,Kia,15,Sportage
2022-07-24,2022-08-11 14:43:45 UTC,Mitsubishi,8,Diamante
2022-04-24,2022-04-29 15:00:59 UTC,Volkswagen,19,Golf
2022-02-07,2022-03-05 12:45:14 UTC,Lincoln,8,Navigator L
2022-02-12,2022-02-21 03:43:52 UTC,Ford,24,Expedition EL
2022-04-06,2022-04-12 08:18:50 UTC,Ford,17,Club Wagon
2022-01-19,2022-02-02 03:42:37 UTC,Land Rover,17,Discovery
2022-01-29,2022-02-18 02:32:54 UTC,Chevrolet,13,Silverado 1500
2021-09-25,2021-10-20 12:39:14 UTC,Pontiac,17,G8
2022-02-06,2022-02-26 09:59:33 UTC,Dodge,6,Caravan
2022-06-01,2022-06-08 06:52:08 UTC,Honda,29,Odyssey
2021-10-22,2021-11-10 20:50:51 UTC,Audi,12,80
2022-01-14,2022-01-16 18:38:40 UTC,Lexus,5,SC
2022-05-17,2022-06-06 14:23:37 UTC,Land Rover,15,Defender
2021-12-03,2021-12-26 08:20:40 UTC,Maserati,26,GranSport
2022-02-23,2022-03-19 02:39:47 UTC,Volkswagen,10,New Beetle
2021-11-17,2021-11-29 01:30:33 UTC,Saturn,19,S-Series
2022-04-09,2022-04-28 16:10:37 UTC,Toyota,11,Land Cruiser
2022-07-22,2022-08-21 10:44:59 UTC,Ford,19,LTD Crown Victoria
2021-09-06,2021-09-20 11:45:46 UTC,Ford,16,Expedition
2021-12-10,2021-12-29 02:13:21 UTC,Ford,20,Escort
2022-02-02,2022-02-06 19:44:15 UTC,Dodge,14,Ram Wagon B350
2022-01-26,2022-02-24 22:55:50 UTC,Chrysler,9,PT Cruiser
2022-04-09,2022-05-01 15:07:07 UTC,GMC,5,Yukon XL 1500
2022-03-18,2022-03-27 15:50:59 UTC,Ford,9,Ranger
2021-12-18,2021-12-22 12:44:10 UTC,GMC,29,Sierra 3500
2021-11-28,2021-12-27 03:59:42 UTC,Chevrolet,14,Tahoe
2021-12-03,2021-12-06 04:43:59 UTC,Cadillac,16,Escalade EXT
2022-07-14,2022-07-31 05:51:40 UTC,Dodge,12,Dakota Club
2021-12-28,2022-01-18 08:01:40 UTC,Lexus,14,LS
2021-10-25,2021-11-08 21:31:16 UTC,Chevrolet,19,Prizm
2022-06-12,2022-07-05 19:57:17 UTC,Mazda,11,929
2021-11-22,2021-12-07 10:44:36 UTC,Honda,5,Accord
2022-03-25,2022-04-09 11:04:26 UTC,Toyota,28,Cressida
2021-10-18,2021-11-15 03:21:40 UTC,Dodge,18,Durango
2022-07-13,2022-07-24 06:37:09 UTC,Lotus,14,Elise
2022-05-28,2022-06-21 03:09:00 UTC,MINI,24,Cooper
2022-03-27,2022-03-29 12:59:32 UTC,Lotus,13,Exige
2022-07-07,2022-07-27 16:01:15 UTC,Lexus,13,SC
2022-06-22,2022-06-27 02:09:30 UTC,Aston Martin,26,DB9 Volante
2021-10-28,2021-11-21 00:09:44 UTC,Mitsubishi,29,Starion
2022-02-20,2022-03-02 08:04:16 UTC,Mazda,21,MX-6
2021-09-10,2021-09-21 05:54:50 UTC,Chevrolet,13,3500
2022-01-03,2022-01-25 01:45:39 UTC,Ford,27,Bronco
2021-10-23,2021-11-03 11:18:38 UTC,BMW,16,M6
2022-04-01,2022-04-10 20:16:24 UTC,Acura,13,MDX
2022-07-12,2022-08-07 13:55:25 UTC,Chevrolet,27,Cavalier
2022-02-09,2022-03-02 05:34:28 UTC,GMC,19,Sonoma
2022-07-24,2022-08-18 18:30:02 UTC,Kia,25,Sportage
2022-03-25,2022-04-06 01:59:26 UTC,Suzuki,19,Swift
2021-11-19,2021-12-03 15:24:48 UTC,Ford,17,F150
2022-05-15,2022-06-10 04:44:11 UTC,Lexus,29,RX
2022-04-05,2022-04-28 03:58:22 UTC,Volkswagen,21,GTI
2022-07-18,2022-08-13 11:54:07 UTC,Chevrolet,22,Malibu
2022-02-28,2022-03-11 14:50:14 UTC,Ford,5,Windstar
2022-04-14,2022-04-28 22:06:26 UTC,Ford,14,Explorer
2022-03-10,2022-03-28 01:59:30 UTC,Dodge,28,Grand Caravan
2021-11-14,2021-11-26 07:28:15 UTC,Infiniti,30,G
2022-04-29,2022-05-16 10:26:33 UTC,Mitsubishi,8,RVR
2022-06-15,2022-07-13 12:07:46 UTC,Volkswagen,28,New Beetle
2022-06-04,2022-06-11 18:01:07 UTC,Chevrolet,11,Express 3500
2021-10-08,2021-10-29 14:43:29 UTC,Subaru,6,Justy
2022-06-04,2022-07-02 05:22:31 UTC,Toyota,10,Tundra
2021-09-23,2021-10-21 00:43:25 UTC,Dodge,22,Ram
2022-04-28,2022-05-27 08:21:50 UTC,Volvo,9,V50
2022-06-08,2022-07-08 01:52:19 UTC,Nissan,27,Sentra
2022-07-04,2022-08-01 23:16:10 UTC,Mazda,12,B-Series Plus
2021-12-20,2022-01-12 05:15:19 UTC,Volvo,18,S80
2022-07-05,2022-07-12 00:10:08 UTC,Mercedes-Benz,19,C-Class
2022-04-13,2022-05-06 12:30:50 UTC,Toyota,17,Previa
2022-05-09,2022-05-21 01:08:24 UTC,BMW,28,3 Series
2022-07-01,2022-07-08 22:49:02 UTC,Buick,29,LaCrosse
2021-11-17,2021-12-10 13:06:48 UTC,Geo,14,Tracker
2022-05-13,2022-06-12 04:02:57 UTC,Volvo,19,960
2021-12-28,2022-01-23 01:07:50 UTC,Audi,10,Allroad
2021-12-05,2021-12-28 18:24:01 UTC,Dodge,12,Grand Caravan
2021-12-09,2021-12-27 08:22:17 UTC,Volkswagen,23,Golf
2021-12-04,2021-12-16 09:59:44 UTC,Lincoln,28,Navigator
2021-11-07,2021-11-09 19:10:50 UTC,Isuzu,30,VehiCROSS
2022-03-27,2022-04-17 04:56:07 UTC,Mercedes-Benz,23,CL-Class
2022-07-05,2022-08-02 14:28:30 UTC,Chevrolet,7,Caprice
2022-03-19,2022-03-30 08:14:10 UTC,Toyota,26,Avalon
2021-11-11,2021-12-04 10:29:07 UTC,Toyota,27,Solara
2022-01-23,2022-02-13 15:37:25 UTC,GMC,13,Yukon XL 2500
2021-11-02,2021-11-20 16:05:20 UTC,Volvo,18,S70
2021-09-24,2021-10-20 22:09:43 UTC,GMC,25,Sonoma
2021-12-17,2022-01-06 18:25:29 UTC,Pontiac,11,Firebird
2022-04-11,2022-05-04 06:13:46 UTC,Mercury,30,Mountaineer
2022-02-14,2022-03-10 05:40:12 UTC,GMC,28,2500
2022-06-28,2022-07-07 14:05:28 UTC,Mercury,22,Cougar
2022-06-26,2022-06-29 08:56:17 UTC,Infiniti,15,G
2022-05-20,2022-06-17 16:49:24 UTC,Suzuki,21,Swift
2022-05-25,2022-06-22 09:11:06 UTC,Land Rover,7,Discovery
2021-09-27,2021-10-21 03:36:32 UTC,Acura,22,SLX
2021-12-10,2021-12-15 01:00:44 UTC,Volkswagen,23,Jetta
2022-05-16,2022-06-03 23:06:02 UTC,Volvo,27,XC60
2022-06-20,2022-07-11 13:19:56 UTC,Dodge,18,Ram
2022-01-15,2022-02-07 16:20:46 UTC,Mitsubishi,30,Lancer
2022-04-05,2022-04-24 21:35:51 UTC,Chevrolet,30,Tahoe
2022-01-16,2022-02-05 01:23:30 UTC,Volvo,13,S40
2022-04-29,2022-05-09 18:50:04 UTC,Ford,14,Escort ZX2
2022-02-02,2022-02-25 18:14:51 UTC,Dodge,28,Ram 2500
2022-02-04,2022-02-13 02:47:10 UTC,Audi,30,A4
2022-04-17,2022-04-19 02:21:16 UTC,BMW,24,X5 M
2022-06-28,2022-07-17 14:16:22 UTC,Buick,27,LeSabre
2022-06-16,2022-07-01 12:20:48 UTC,Volvo,21,S80
2021-09-28,2021-10-18 19:36:09 UTC,Lexus,21,ES
2022-01-23,2022-02-22 15:06:26 UTC,Subaru,30,Outback
2021-11-04,2021-11-17 12:01:07 UTC,Dodge,19,Ram Van B350
2022-04-01,2022-04-25 07:45:39 UTC,Mercedes-Benz,30,S-Class
2021-09-02,2021-09-04 14:24:46 UTC,Bentley,15,Continental GT
2021-10-14,2021-11-03 17:03:39 UTC,Audi,5,100
2022-07-16,2022-07-29 10:10:07 UTC,Chevrolet,8,Express 3500
2022-03-05,2022-03-06 03:56:26 UTC,Oldsmobile,6,Bravada
2021-10-01,2021-10-22 18:00:23 UTC,Mercedes-Benz,23,SLS AMG
2021-09-24,2021-10-01 19:46:40 UTC,Rolls-Royce,29,Phantom
2021-12-29,2022-01-03 13:36:08 UTC,Lexus,22,ES
2021-10-11,2021-10-31 23:48:53 UTC,Acura,17,CL
2021-09-09,2021-09-12 04:41:34 UTC,Mitsubishi,24,GTO
2021-10-31,2021-11-14 00:59:06 UTC,Volvo,15,XC70
2022-04-11,2022-04-22 16:52:05 UTC,Suzuki,17,Equator
2021-12-16,2022-01-06 22:54:57 UTC,Audi,11,S4
2022-01-13,2022-02-11 12:38:24 UTC,Spyker,21,C8 Double 12 S
2022-04-16,2022-05-05 07:26:24 UTC,Suzuki,20,Reno
2021-10-28,2021-11-21 17:57:25 UTC,Mercedes-Benz,13,E-Class
2022-06-02,2022-07-02 15:50:40 UTC,Chevrolet,17,Impala
2021-09-19,2021-10-09 18:02:16 UTC,Aston Martin,7,V8 Vantage S
2021-11-15,2021-12-14 14:56:27 UTC,Infiniti,19,FX
2021-12-26,2022-01-02 20:09:46 UTC,Dodge,5,Charger
2021-11-14,2021-12-09 11:10:04 UTC,Infiniti,20,Q
2022-07-05,2022-07-06 15:27:00 UTC,Porsche,5,Cayman
2022-05-16,2022-05-24 12:14:36 UTC,Pontiac,10,Fiero
2021-12-27,2021-12-29 07:54:25 UTC,Volkswagen,27,rio
2021-11-25,2021-12-04 19:05:16 UTC,Kia,22,Optima
2021-10-20,2021-11-09 02:23:19 UTC,Toyota,10,Matrix
2021-09-21,2021-09-22 16:51:02 UTC,Pontiac,22,Gemini
2021-09-25,2021-10-16 10:05:47 UTC,Dodge,30,Ram 2500
2022-07-26,2022-08-06 16:14:32 UTC,Suzuki,15,Equator
2021-11-09,2021-11-29 17:08:31 UTC,Pontiac,9,Grand Am
2022-06-05,2022-06-26 06:28:26 UTC,Cadillac,14,STS
2022-04-06,2022-04-22 07:22:19 UTC,Infiniti,14,FX
2022-01-04,2022-01-28 17:45:03 UTC,Oldsmobile,10,88
2022-06-25,2022-06-30 02:21:44 UTC,Mercedes-Benz,14,M-Class
2021-09-03,2021-09-14 11:13:44 UTC,Jeep,19,Cherokee
2022-04-18,2022-05-13 03:06:20 UTC,Volvo,17,V50
2021-09-12,2021-09-13 19:15:40 UTC,Ford,9,Windstar
2022-05-30,2022-06-10 02:35:40 UTC,Chevrolet,5,Suburban 1500
2022-01-12,2022-01-26 07:25:06 UTC,Mazda,26,MX-5
2022-07-02,2022-08-01 07:57:09 UTC,BMW,14,6 Series
2022-07-12,2022-07-14 09:45:46 UTC,Mitsubishi,28,Galant
2022-04-09,2022-05-06 21:14:41 UTC,Jaguar,10,XJ
2022-04-12,2022-04-21 20:56:41 UTC,Panoz,30,Esperante
2021-11-18,2021-11-27 12:05:13 UTC,Cadillac,12,DeVille
2022-02-18,2022-03-10 03:54:24 UTC,Chevrolet,5,Silverado 2500
2021-09-07,2021-09-28 19:56:13 UTC,Saab,11,9000
2021-10-22,2021-11-11 12:15:29 UTC,Toyota,18,Tacoma
2022-06-25,2022-06-28 04:14:10 UTC,Hyundai,5,Veracruz
2022-01-16,2022-02-05 12:38:48 UTC,Chrysler,17,Imperial
2022-02-12,2022-02-24 05:22:22 UTC,Toyota,20,T100
2021-09-09,2021-09-30 17:37:01 UTC,Chevrolet,25,Silverado 1500
2022-04-24,2022-05-24 09:21:55 UTC,Jeep,23,Wrangler
2022-01-01,2022-01-27 03:16:44 UTC,Ford,10,Thunderbird
2022-02-24,2022-03-09 14:23:01 UTC,Mazda,27,B-Series
2022-05-05,2022-05-06 23:06:25 UTC,Ford,15,Bronco
2021-09-02,2021-10-01 14:02:24 UTC,Jaguar,6,S-Type
2022-02-13,2022-03-15 22:38:57 UTC,Volkswagen,28,GLI
2021-10-19,2021-10-31 03:55:26 UTC,Dodge,9,Ram 50
2022-04-24,2022-05-19 07:07:13 UTC,Toyota,21,4Runner
2022-03-23,2022-04-13 03:53:44 UTC,Mitsubishi,14,Truck
2021-09-05,2021-10-01 04:41:09 UTC,Jaguar,11,XK Series
2021-09-11,2021-09-22 18:45:36 UTC,BMW,24,3 Series
2022-01-30,2022-02-09 13:26:30 UTC,Oldsmobile,5,Achieva
2021-11-28,2021-12-27 23:43:41 UTC,Land Rover,29,Range Rover
2022-03-27,2022-04-01 04:08:57 UTC,Buick,27,Terraza
2022-06-16,2022-06-18 15:35:03 UTC,Mercury,12,Sable
2021-11-06,2021-12-05 21:52:54 UTC,Pontiac,22,Firebird
2022-05-22,2022-05-31 01:30:56 UTC,Isuzu,21,VehiCROSS
2021-09-30,2021-10-19 21:56:51 UTC,Buick,28,LeSabre
2022-02-02,2022-02-26 16:22:16 UTC,BMW,28,5 Series
2021-10-14,2021-10-18 09:26:02 UTC,Chevrolet,19,Avalanche
2022-06-11,2022-06-27 12:28:08 UTC,Saturn,13,L-Series
2022-01-13,2022-01-30 04:42:57 UTC,Mitsubishi,13,Eclipse
2021-09-09,2021-09-18 15:24:26 UTC,Chrysler,6,Crossfire
2021-12-03,2021-12-23 12:50:16 UTC,Pontiac,18,Sunfire
2021-11-14,2021-11-19 07:08:00 UTC,Toyota,24,Tundra
2022-06-24,2022-07-05 05:10:16 UTC,Chevrolet,7,Express
2021-10-08,2021-10-10 17:10:46 UTC,Porsche,11,Boxster
2022-06-02,2022-06-21 09:19:32 UTC,Pontiac,22,Grand Prix
2022-03-12,2022-03-18 01:48:42 UTC,Chevrolet,26,Silverado 2500
2022-03-19,2022-03-21 00:27:54 UTC,Audi,26,A6
2021-10-15,2021-10-24 16:52:07 UTC,Pontiac,20,6000
2022-06-14,2022-07-10 18:32:06 UTC,Hyundai,20,Accent
2021-09-10,2021-09-29 06:33:53 UTC,Audi,26,S8
2022-02-17,2022-02-20 08:49:44 UTC,Maybach,11,62
2022-03-17,2022-03-26 21:21:57 UTC,BMW,6,X6 M
2021-12-19,2021-12-28 16:26:55 UTC,Oldsmobile,10,Bravada
2022-01-24,2022-02-11 07:01:59 UTC,Mercury,29,Cougar
2022-07-04,2022-07-14 02:50:08 UTC,Chevrolet,6,Express 1500
2022-01-30,2022-02-22 16:05:56 UTC,Isuzu,13,VehiCROSS
2021-10-02,2021-10-05 16:00:14 UTC,Pontiac,13,GTO
2021-10-11,2021-11-08 04:25:45 UTC,Dodge,15,Ram 1500
2021-11-14,2021-11-27 01:20:47 UTC,MINI,21,Cooper
2021-10-03,2021-10-10 07:06:54 UTC,Ford,7,Crown Victoria
2021-10-21,2021-11-18 06:55:15 UTC,Dodge,20,Journey
2022-01-02,2022-01-19 05:22:31 UTC,Dodge,26,Spirit
2021-11-09,2021-11-20 09:41:06 UTC,Scion,11,xB
2021-09-04,2021-09-29 05:57:58 UTC,Cadillac,8,Eldorado
2022-05-30,2022-06-03 08:28:10 UTC,Audi,22,A4
2022-03-13,2022-04-11 14:30:04 UTC,Mercedes-Benz,16,CLS-Class
2022-07-17,2022-08-12 11:38:50 UTC,Mercedes-Benz,16,M-Class
2022-07-10,2022-07-20 01:37:38 UTC,Buick,7,Somerset
2022-06-23,2022-07-11 03:47:43 UTC,Dodge,8,D250 Club
2022-07-06,2022-08-05 03:07:54 UTC,Ford,22,Escape
2021-09-16,2021-09-27 13:06:06 UTC,Pontiac,5,Firebird
2022-07-26,2022-08-05 23:33:53 UTC,Buick,9,Roadmaster
2021-09-22,2021-10-05 14:26:54 UTC,Suzuki,7,XL-7
2022-06-18,2022-07-02 20:58:05 UTC,Mercedes-Benz,22,M-Class
2022-01-30,2022-02-06 11:25:39 UTC,GMC,22,Savana 3500
2022-02-02,2022-02-07 03:27:21 UTC,GMC,14,Yukon
2021-12-17,2021-12-24 20:47:32 UTC,Hyundai,26,Elantra
2022-02-13,2022-02-27 19:52:23 UTC,Chevrolet,28,Silverado 2500
2022-07-26,2022-08-24 09:07:31 UTC,Jaguar,21,S-Type
2022-04-10,2022-04-20 06:02:41 UTC,Chevrolet,29,Camaro
2021-09-08,2021-09-24 18:58:27 UTC,Hummer,7,H2
2022-03-28,2022-04-10 20:51:36 UTC,Porsche,21,911
2021-12-07,2021-12-28 06:34:31 UTC,Suzuki,17,Samurai
2022-06-08,2022-06-18 10:11:59 UTC,Ford,22,Edge
2022-05-11,2022-05-21 18:10:36 UTC,Acura,29,TL
2021-10-02,2021-10-15 20:39:10 UTC,GMC,23,Sierra 2500
2022-07-29,2022-08-12 17:11:43 UTC,Ford,18,Windstar
2021-12-01,2021-12-10 15:15:06 UTC,Acura,27,TL
2022-06-26,2022-07-17 20:52:36 UTC,Toyota,26,Tacoma Xtra
2021-12-29,2022-01-07 08:03:57 UTC,GMC,26,Jimmy
2022-01-04,2022-01-22 04:53:39 UTC,Dodge,15,Stealth
2022-06-18,2022-06-23 15:28:20 UTC,Eagle,19,Talon
2022-06-09,2022-06-29 04:31:50 UTC,Toyota,22,Avalon
2022-01-03,2022-01-09 16:13:47 UTC,Oldsmobile,17,Aurora
2022-03-15,2022-03-26 10:02:06 UTC,Kia,17,Rondo
2022-02-07,2022-03-06 07:27:15 UTC,BMW,5,M3
2022-01-10,2022-01-25 03:15:53 UTC,Ford,15,Laser
2022-05-27,2022-06-19 13:03:11 UTC,Toyota,7,Solara
2022-01-18,2022-01-31 14:24:29 UTC,Ford,26,Transit Connect
2022-04-27,2022-05-09 14:39:30 UTC,Dodge,14,Ram 3500
2022-07-16,2022-07-26 14:22:45 UTC,Ford,19,F250
2022-05-15,2022-06-02 16:31:21 UTC,Volkswagen,11,Golf III
2022-05-27,2022-06-13 07:27:59 UTC,Isuzu,16,Ascender
2022-07-09,2022-08-01 20:50:18 UTC,BMW,29,1 Series
2021-10-05,2021-11-04 07:11:50 UTC,Volkswagen,6,Cabriolet
2022-04-11,2022-04-17 11:06:41 UTC,Chevrolet,9,G-Series 3500
2022-06-30,2022-07-20 00:12:00 UTC,Suzuki,30,Forenza
2021-12-21,2022-01-20 06:51:31 UTC,Toyota,6,Corolla
2021-11-11,2021-11-17 04:39:42 UTC,Toyota,13,Camry
2021-09-29,2021-10-06 03:20:36 UTC,Ford,12,Windstar
2022-05-16,2022-06-09 07:17:30 UTC,Mercedes-Benz,6,S-Class
2022-02-15,2022-03-17 23:37:18 UTC,Ford,11,Freestar
2022-06-05,2022-06-10 00:16:42 UTC,Oldsmobile,20,Alero
2022-05-27,2022-06-08 10:45:42 UTC,Ford,5,Thunderbird
2021-11-15,2021-12-02 23:41:01 UTC,Nissan,9,Pathfinder
2022-06-04,2022-06-22 00:20:23 UTC,Cadillac,11,Escalade
2022-01-05,2022-01-20 05:04:51 UTC,Saab,7,900
2021-12-01,2021-12-19 05:26:41 UTC,Ferrari,21,F430
2021-12-03,2022-01-02 14:45:37 UTC,Chevrolet,14,Tracker
2021-11-17,2021-11-26 01:42:40 UTC,Dodge,24,Grand Caravan
2022-04-17,2022-05-11 15:42:56 UTC,GMC,25,Yukon
2022-03-31,2022-04-21 04:23:42 UTC,GMC,6,Yukon
2022-03-10,2022-04-01 03:48:15 UTC,Ford,11,F250
2022-02-08,2022-02-24 17:24:55 UTC,Dodge,5,Ram 1500
2022-07-14,2022-07-27 22:48:34 UTC,Chevrolet,13,Impala
2022-02-08,2022-02-22 18:56:14 UTC,Chevrolet,14,HHR
2021-10-12,2021-10-22 05:49:13 UTC,Volkswagen,11,Passat
2022-07-02,2022-07-19 09:29:04 UTC,Ford,22,Ranger
2022-06-06,2022-06-08 08:24:36 UTC,Ford,18,Tempo
2022-07-07,2022-07-30 07:34:25 UTC,Mazda,22,B-Series Plus
2022-05-24,2022-05-30 05:40:45 UTC,Chevrolet,16,Tahoe
2022-03-05,2022-03-26 14:21:56 UTC,Jaguar,6,X-Type
2021-10-31,2021-11-10 21:14:08 UTC,Ford,28,Mustang
2022-07-20,2022-08-08 00:24:34 UTC,Chevrolet,20,Impala
2021-12-09,2021-12-30 07:01:14 UTC,Buick,6,Skylark
2021-10-24,2021-10-29 17:37:17 UTC,Land Rover,5,Defender 90
2022-06-27,2022-07-09 17:01:37 UTC,Hyundai,15,Scoupe
2022-05-22,2022-05-25 08:12:18 UTC,Oldsmobile,10,Intrigue
2021-12-17,2021-12-27 00:24:24 UTC,Audi,23,5000S
2021-09-08,2021-09-12 05:02:59 UTC,Suzuki,29,SJ
2022-06-24,2022-06-30 14:10:18 UTC,Volkswagen,12,Passat
2021-12-15,2021-12-29 21:10:21 UTC,Ford,28,Explorer
2021-11-30,2021-12-22 12:42:53 UTC,BMW,25,7 Series
2022-07-17,2022-07-21 10:23:56 UTC,Suzuki,7,Swift
2022-05-04,2022-05-08 03:02:10 UTC,Suzuki,9,Daewoo Magnus
2022-04-21,2022-05-14 07:35:39 UTC,Isuzu,13,Ascender
2022-04-16,2022-05-02 14:41:35 UTC,Dodge,20,Spirit
2021-11-05,2021-11-08 18:05:30 UTC,Mazda,18,Mazda2
2021-12-18,2022-01-14 00:09:39 UTC,Mercury,30,Montego
2021-09-19,2021-10-06 23:31:54 UTC,Volvo,14,S80
2022-05-18,2022-05-22 00:01:43 UTC,Ford,12,E-Series
2022-07-19,2022-07-21 17:56:24 UTC,Isuzu,21,i-290
2022-07-23,2022-08-04 06:47:41 UTC,Buick,29,Enclave
2022-05-19,2022-06-16 06:06:05 UTC,GMC,9,Envoy XL
2021-09-08,2021-09-24 14:15:35 UTC,GMC,12,Savana 1500
2022-07-06,2022-08-03 18:54:56 UTC,Mitsubishi,25,Excel
2022-04-22,2022-05-05 14:07:59 UTC,Hyundai,28,Genesis
2021-09-18,2021-09-25 10:13:56 UTC,Ford,15,Focus
2021-11-12,2021-12-07 03:59:39 UTC,GMC,8,1500
2022-03-04,2022-03-26 03:10:48 UTC,GMC,13,Yukon
2022-06-02,2022-07-01 19:45:09 UTC,Chevrolet,30,Tracker
2022-01-10,2022-01-31 05:10:05 UTC,Mazda,8,626
2021-09-09,2021-10-08 14:48:28 UTC,BMW,17,7 Series
2021-10-31,2021-11-18 05:28:58 UTC,Pontiac,9,Sunbird
2022-02-15,2022-02-22 14:19:16 UTC,Chevrolet,11,Impala
2022-04-04,2022-04-16 15:01:10 UTC,Mercury,11,Cougar
2021-09-28,2021-10-26 22:39:19 UTC,Toyota,29,Sienna
2022-07-29,2022-08-08 01:11:47 UTC,Volkswagen,26,Type 2
2021-12-18,2022-01-14 15:04:06 UTC,Infiniti,14,Q
2021-10-03,2021-10-21 07:11:30 UTC,Pontiac,16,Aztek
2022-07-25,2022-08-12 20:30:45 UTC,Mazda,5,B-Series Plus
2021-09-23,2021-09-24 10:00:11 UTC,Chevrolet,9,Caprice Classic
2021-10-19,2021-11-03 02:42:35 UTC,Infiniti,5,Q
2022-01-09,2022-01-29 05:06:19 UTC,Volkswagen,18,Jetta
2022-07-01,2022-07-06 12:42:52 UTC,Volvo,24,XC70
2022-01-27,2022-02-15 13:17:57 UTC,Chevrolet,6,Suburban
2022-05-13,2022-05-25 06:20:39 UTC,Dodge,6,Journey
2022-02-12,2022-03-14 06:26:47 UTC,Daewoo,9,Leganza
2022-03-01,2022-03-23 21:13:02 UTC,Chevrolet,7,S10
2022-06-02,2022-06-07 03:36:11 UTC,Dodge,11,Viper
2021-12-25,2021-12-26 19:26:55 UTC,Isuzu,28,i-350
2022-02-16,2022-03-09 02:15:56 UTC,Land Rover,27,Discovery
2021-10-29,2021-11-15 12:07:10 UTC,Lamborghini,14,Diablo
2021-11-07,2021-11-30 14:44:00 UTC,Buick,13,Regal
2022-05-21,2022-05-23 09:24:02 UTC,Jaguar,8,S-Type
2021-11-29,2021-12-11 01:21:46 UTC,Dodge,9,Ram 3500
2021-11-26,2021-12-19 00:39:34 UTC,Land Rover,9,Defender
2021-10-04,2021-10-20 16:04:51 UTC,Ford,24,Taurus
2022-02-18,2022-03-02 15:02:22 UTC,Volkswagen,8,Scirocco
2022-05-25,2022-06-10 22:59:26 UTC,Audi,15,TT
2021-10-17,2021-11-06 01:04:33 UTC,Pontiac,15,Grand Prix
2022-01-07,2022-01-14 18:08:48 UTC,BMW,23,7 Series
2022-01-05,2022-01-25 09:04:32 UTC,Lotus,14,Esprit
2022-03-13,2022-04-09 09:18:16 UTC,Ford,19,Econoline E250
2022-03-26,2022-04-18 20:47:28 UTC,Mitsubishi,19,Diamante
2021-12-11,2021-12-16 19:39:24 UTC,Isuzu,10,Rodeo
2022-01-12,2022-02-10 00:07:35 UTC,Ford,25,Edge
2021-12-25,2021-12-28 14:13:42 UTC,Toyota,27,Celica
2021-09-01,2021-09-05 15:29:34 UTC,Audi,29,90
2022-06-25,2022-07-18 14:08:50 UTC,Mitsubishi,10,Eclipse
2021-11-19,2021-11-21 01:03:27 UTC,Jeep,24,Wrangler
2022-05-24,2022-05-29 10:41:16 UTC,Pontiac,15,Vibe
2021-11-12,2021-11-16 06:24:28 UTC,Lexus,30,IS
2021-12-30,2022-01-25 13:31:05 UTC,Volvo,8,S80
2022-05-05,2022-05-19 07:36:30 UTC,Ford,26,Laser
2022-02-22,2022-03-15 05:42:42 UTC,Nissan,20,Titan
2022-05-30,2022-06-07 10:37:43 UTC,Ford,11,F250
2022-02-16,2022-02-18 06:44:41 UTC,Honda,5,Pilot
2022-01-19,2022-01-25 17:48:42 UTC,Chevrolet,30,Corvette
2022-02-20,2022-02-25 16:18:06 UTC,Hyundai,12,Tiburon
2021-12-10,2022-01-09 15:15:44 UTC,Volvo,30,V70
2021-11-13,2021-12-10 00:40:20 UTC,Mazda,17,B-Series
2021-09-27,2021-10-23 01:52:18 UTC,Mitsubishi,20,Eclipse
2021-12-16,2021-12-18 21:53:02 UTC,Audi,17,Cabriolet
2022-05-27,2022-06-01 19:14:48 UTC,Kia,6,Sportage
2022-04-09,2022-05-07 19:15:13 UTC,BMW,15,M6
2022-07-26,2022-08-14 10:49:14 UTC,Studebaker,11,Avanti
2021-09-06,2021-10-06 10:31:38 UTC,Honda,26,Civic Si
2022-05-02,2022-05-18 07:54:25 UTC,Ford,15,Explorer
2021-11-12,2021-12-07 23:50:58 UTC,Toyota,16,Highlander
2022-06-14,2022-07-08 20:22:36 UTC,Maserati,17,Biturbo
2022-03-22,2022-04-21 03:27:03 UTC,Honda,15,Accord
2022-06-26,2022-07-06 12:47:35 UTC,Volkswagen,16,GTI
2022-05-21,2022-06-04 14:57:45 UTC,Bentley,6,Azure
2022-06-11,2022-07-04 16:51:34 UTC,Ford,29,Thunderbird
2022-04-15,2022-05-03 23:42:09 UTC,GMC,11,Sierra 3500
2021-11-25,2021-12-20 22:14:17 UTC,Lexus,24,IS
2021-10-31,2021-11-26 20:04:09 UTC,Lotus,20,Esprit
2021-11-15,2021-11-17 20:19:14 UTC,Chevrolet,5,Caprice
2021-11-22,2021-11-26 08:34:34 UTC,Buick,6,LeSabre
2022-05-08,2022-06-01 03:16:15 UTC,Mazda,15,B-Series Plus
2022-04-11,2022-05-09 13:04:35 UTC,Eagle,6,Summit
2022-01-19,2022-02-07 19:32:01 UTC,Mercedes-Benz,23,S-Class
2022-07-01,2022-07-04 08:13:47 UTC,Ford,15,Escape
2022-04-29,2022-05-16 17:02:26 UTC,Bentley,20,Continental GT
2022-01-10,2022-01-28 13:11:44 UTC,Audi,6,Coupe GT
2022-05-10,2022-05-18 08:14:30 UTC,Buick,11,Skylark
2021-12-26,2022-01-14 03:26:17 UTC,Volvo,11,V90
2021-11-22,2021-12-08 20:10:16 UTC,Acura,21,Legend
2022-04-27,2022-05-20 14:34:34 UTC,Nissan,8,Sentra
2021-09-16,2021-10-03 16:40:04 UTC,Ford,18,E350
2022-04-22,2022-05-06 15:21:26 UTC,Jaguar,16,XK Series
2021-12-31,2022-01-09 20:39:55 UTC,Suzuki,25,Vitara
2022-07-12,2022-08-02 09:48:22 UTC,Audi,24,Q5
2022-03-25,2022-04-09 18:45:03 UTC,Ford,11,E350
2022-05-05,2022-05-18 05:46:40 UTC,Mercury,6,Grand Marquis
2022-06-01,2022-06-11 16:13:17 UTC,Ford,13,Taurus
2022-02-08,2022-02-17 04:37:04 UTC,Chevrolet,18,Venture
2021-10-09,2021-10-18 22:43:06 UTC,Maserati,21,Coupe
2021-11-04,2021-11-06 04:08:22 UTC,Suzuki,17,Kizashi
2022-05-20,2022-05-26 19:21:55 UTC,Infiniti,5,QX56
2022-01-31,2022-02-23 04:43:27 UTC,Chevrolet,17,Caprice
2022-07-09,2022-07-16 18:00:16 UTC,Chevrolet,27,Monte Carlo
2022-05-29,2022-06-28 15:07:27 UTC,Mercury,23,Sable
2022-05-24,2022-06-21 19:58:55 UTC,Mercedes-Benz,6,M-Class
2021-10-31,2021-11-01 19:44:52 UTC,Volkswagen,9,riolet
2021-12-17,2022-01-14 19:48:29 UTC,Pontiac,22,Grand Prix
2021-09-12,2021-09-21 16:11:15 UTC,Cadillac,27,CTS
2022-07-23,2022-08-08 16:05:45 UTC,Mercedes-Benz,17,CL-Class
2022-07-15,2022-08-02 14:08:55 UTC,Ford,30,F350
2021-09-10,2021-10-06 21:55:23 UTC,Hummer,12,H2 SUV
2021-11-07,2021-11-17 23:37:48 UTC,Toyota,30,Prius
2022-03-04,2022-03-10 01:49:20 UTC,Hyundai,15,Azera
2022-04-03,2022-04-06 08:14:27 UTC,Mercedes-Benz,14,300D
2022-07-18,2022-07-30 12:23:22 UTC,GMC,30,Envoy XUV
2021-11-04,2021-11-13 07:29:08 UTC,Chevrolet,9,Corvette
2021-10-11,2021-10-14 14:13:05 UTC,Acura,27,RL
2022-07-20,2022-08-16 18:26:57 UTC,Kia,13,Rio
2021-12-20,2022-01-14 04:43:07 UTC,Plymouth,29,Voyager
2022-03-25,2022-04-01 02:40:18 UTC,Subaru,14,Impreza
2021-11-09,2021-12-05 10:19:35 UTC,Volkswagen,9,GTI
2022-01-14,2022-02-01 03:21:55 UTC,Saturn,24,L-Series
2022-06-28,2022-07-05 19:38:19 UTC,Daewoo,23,Leganza
2021-09-24,2021-10-16 20:32:36 UTC,Ford,25,F250
2022-01-09,2022-01-20 10:21:03 UTC,Mitsubishi,13,Lancer
2022-06-27,2022-07-15 04:46:00 UTC,Toyota,25,Venza
2022-06-25,2022-06-26 01:21:02 UTC,Mercedes-Benz,25,SL-Class
2022-04-17,2022-05-14 14:24:46 UTC,Ford,24,E150
2021-12-29,2022-01-07 08:16:23 UTC,Mitsubishi,20,Galant
2022-03-05,2022-03-25 21:55:26 UTC,Ford,8,Bronco
2022-05-12,2022-05-17 23:40:57 UTC,Mazda,30,626
2021-12-11,2022-01-03 05:51:00 UTC,Volvo,9,S80
2022-01-27,2022-02-20 14:35:59 UTC,Porsche,9,911
2022-06-12,2022-06-24 22:48:21 UTC,Mercedes-Benz,24,300CE
2021-10-23,2021-11-09 03:34:19 UTC,Cadillac,8,DeVille
2022-05-06,2022-05-15 13:58:33 UTC,Chevrolet,27,Astro
2022-01-11,2022-02-09 18:31:45 UTC,Ford,5,Contour
2022-06-13,2022-06-26 06:33:25 UTC,Cadillac,9,Sixty Special
2022-02-04,2022-03-01 07:55:25 UTC,Chevrolet,5,Impala
2022-07-10,2022-07-24 10:33:14 UTC,Chevrolet,14,Silverado 1500
2022-03-29,2022-04-03 10:18:52 UTC,Porsche,23,Cayman
2021-11-19,2021-11-30 02:35:21 UTC,Dodge,29,Omni
2021-10-26,2021-10-27 01:32:10 UTC,Chevrolet,30,Avalanche 1500
2022-03-26,2022-04-09 01:28:49 UTC,Pontiac,5,Vibe
2022-02-06,2022-02-09 04:44:31 UTC,Bentley,21,Continental GT
2022-06-29,2022-07-21 11:19:57 UTC,Saab,26,900
2021-10-29,2021-11-17 03:39:47 UTC,Acura,16,Integra
2021-10-28,2021-10-29 09:53:50 UTC,Porsche,29,944
2022-05-27,2022-06-17 21:05:26 UTC,Mercury,10,Marauder
2021-12-07,2022-01-04 12:24:39 UTC,Infiniti,13,J
2022-07-30,2022-07-31 02:29:08 UTC,Mercedes-Benz,24,E-Class
2022-04-14,2022-04-29 02:57:54 UTC,Mitsubishi,22,Galant
2021-11-24,2021-12-13 06:38:40 UTC,Chevrolet,23,G-Series 2500
2021-10-18,2021-11-14 07:14:35 UTC,Kia,6,Sedona
2022-03-03,2022-03-15 09:57:55 UTC,Volvo,10,C70
2022-04-05,2022-04-08 08:18:04 UTC,Land Rover,20,Discovery
2022-01-27,2022-01-29 15:18:50 UTC,Nissan,22,300ZX
2021-12-24,2021-12-28 17:55:00 UTC,Mazda,30,MX-6
2022-01-17,2022-02-15 12:35:33 UTC,Audi,12,Q7
2022-06-08,2022-07-08 14:24:24 UTC,Suzuki,21,Reno
2022-07-25,2022-08-24 10:06:17 UTC,Mercedes-Benz,8,SL-Class
2021-11-13,2021-11-14 08:45:13 UTC,Mercury,8,Mystique
2022-01-14,2022-01-25 02:23:51 UTC,Buick,24,Regal
2022-03-16,2022-03-20 00:58:55 UTC,Volkswagen,10,Cabriolet
2022-01-27,2022-02-10 15:38:02 UTC,Chevrolet,14,G-Series G20
2021-11-20,2021-12-08 15:56:56 UTC,GMC,6,Suburban 1500
2022-02-26,2022-03-04 01:56:04 UTC,Suzuki,15,Swift
2022-07-19,2022-08-15 01:58:57 UTC,Audi,26,4000CS Quattro
2022-04-07,2022-04-24 10:10:34 UTC,Audi,15,A4
2021-11-09,2021-11-19 07:53:55 UTC,Buick,18,Somerset
2022-05-30,2022-06-08 21:55:33 UTC,Lincoln,18,Mark VIII
2021-12-19,2022-01-07 14:58:51 UTC,Mercury,21,Mountaineer
2021-12-12,2022-01-01 23:16:47 UTC,Dodge,15,Intrepid
2021-10-06,2021-10-08 16:40:13 UTC,Oldsmobile,8,Intrigue
2022-03-26,2022-04-12 08:14:14 UTC,Hyundai,20,Elantra
2022-01-29,2022-02-23 01:08:40 UTC,Chevrolet,12,Corvette
2021-10-27,2021-11-24 04:11:34 UTC,Chevrolet,25,Cavalier
2022-07-19,2022-08-16 22:40:36 UTC,Pontiac,17,Grand Prix
2021-12-14,2021-12-19 13:28:23 UTC,Honda,19,Accord
2021-10-13,2021-11-11 14:23:58 UTC,Dodge,7,Dakota
2022-04-24,2022-05-12 03:17:28 UTC,Mercedes-Benz,29,SLR McLaren
2021-12-05,2022-01-03 11:01:25 UTC,Audi,27,riolet
2022-07-16,2022-07-27 21:15:11 UTC,Hyundai,6,XG350
2021-12-30,2022-01-02 22:58:50 UTC,Audi,11,A5
2021-11-23,2021-12-21 22:52:02 UTC,Chrysler,11,PT Cruiser
2022-07-15,2022-08-02 13:41:39 UTC,Isuzu,29,Trooper
2021-11-04,2021-11-12 21:29:48 UTC,Mitsubishi,28,Mirage
2022-05-05,2022-05-17 12:40:09 UTC,Lincoln,19,Continental Mark VII
2022-04-04,2022-04-16 01:36:55 UTC,Acura,27,SLX
2022-01-04,2022-01-12 11:43:49 UTC,Saturn,28,Relay
2021-11-29,2021-12-25 01:24:14 UTC,Ford,29,Escort
2022-01-20,2022-02-02 14:45:17 UTC,Dodge,27,Caravan
2021-09-07,2021-09-17 16:02:59 UTC,Chevrolet,13,Corvette
2021-09-17,2021-10-13 07:58:24 UTC,Mercedes-Benz,5,600SEL
2022-01-06,2022-02-04 10:34:40 UTC,Jeep,6,Grand Cherokee
2022-04-23,2022-04-26 21:38:29 UTC,Mazda,21,MX-5
2021-12-02,2021-12-28 00:20:57 UTC,Ford,20,Econoline E350
2022-07-05,2022-07-28 09:49:19 UTC,Nissan,9,Maxima
2021-11-01,2021-11-22 12:08:22 UTC,Volvo,8,V70
2021-10-23,2021-11-14 04:27:23 UTC,Ford,26,Taurus
2022-07-02,2022-07-11 04:33:47 UTC,Chevrolet,25,Avalanche
2021-12-14,2022-01-10 12:29:49 UTC,Chevrolet,25,Express 2500
2021-12-18,2022-01-02 15:42:22 UTC,Mazda,5,Mazda5
2022-01-30,2022-02-19 22:31:31 UTC,Suzuki,6,Sidekick
2022-04-01,2022-04-07 05:02:10 UTC,Ford,16,F350
2022-01-14,2022-01-16 20:31:52 UTC,Toyota,14,Prius
2022-05-03,2022-05-16 04:08:19 UTC,Nissan,14,Maxima
2021-09-30,2021-10-15 22:10:57 UTC,Audi,8,S4
2021-09-13,2021-10-03 07:22:15 UTC,Mazda,12,MX-5
2022-05-26,2022-06-13 11:01:42 UTC,Oldsmobile,24,Toronado
2021-11-02,2021-11-08 17:12:01 UTC,Toyota,29,Sienna
2021-09-30,2021-10-30 20:29:55 UTC,Volkswagen,18,GTI
2021-11-24,2021-12-15 09:57:43 UTC,Chevrolet,19,Suburban 2500
2021-09-02,2021-09-09 15:25:14 UTC,Volkswagen,7,Jetta
2022-04-27,2022-05-20 19:09:16 UTC,Mitsubishi,18,Galant
2022-03-17,2022-04-04 17:33:21 UTC,Pontiac,17,Sunfire
2022-05-06,2022-05-26 22:19:35 UTC,BMW,5,Z4
2022-06-23,2022-06-28 02:57:37 UTC,Austin,24,Mini
2022-04-21,2022-04-25 06:17:10 UTC,Saab,18,900
2022-05-26,2022-06-15 18:29:03 UTC,Dodge,26,Ram 2500
2022-01-24,2022-02-04 14:09:26 UTC,Subaru,22,Legacy
2021-11-27,2021-11-29 11:28:54 UTC,Mercedes-Benz,11,W126
2021-12-02,2021-12-27 08:02:33 UTC,Mazda,6,B2600
2021-10-15,2021-10-25 16:12:33 UTC,Porsche,9,Boxster
2022-04-22,2022-05-21 11:46:32 UTC,Dodge,9,Viper
2021-09-30,2021-10-26 14:56:25 UTC,Chevrolet,24,Astro
2021-09-13,2021-09-23 17:15:29 UTC,Jeep,27,Wrangler
2021-12-27,2022-01-10 05:45:36 UTC,Ford,26,E150
2021-10-13,2021-10-22 12:38:59 UTC,Ford,16,F-Series Super Duty
2022-06-23,2022-06-27 00:09:41 UTC,Mitsubishi,30,Truck
2021-11-17,2021-12-12 11:28:15 UTC,Mercedes-Benz,12,G-Class
2021-10-05,2021-10-14 23:24:26 UTC,Mercedes-Benz,5,600SEC
2022-07-05,2022-07-29 14:11:51 UTC,Pontiac,15,Solstice
2022-02-08,2022-02-09 21:09:18 UTC,Mazda,26,Familia
2021-10-11,2021-10-15 04:59:39 UTC,Dodge,7,Ram 1500
2022-06-20,2022-07-20 21:25:23 UTC,Mercedes-Benz,25,500E
2021-09-16,2021-10-11 02:04:59 UTC,Kia,29,Sedona
2022-04-29,2022-05-03 19:12:47 UTC,Nissan,28,Maxima
2022-03-11,2022-03-20 03:18:20 UTC,Toyota,29,RAV4
2021-10-17,2021-11-11 12:36:24 UTC,Chevrolet,10,Corvette
2022-01-13,2022-02-03 15:48:07 UTC,Ford,18,Crown Victoria
2022-03-24,2022-04-16 19:37:19 UTC,Bentley,19,Continental
2022-07-29,2022-08-04 06:55:39 UTC,Chevrolet,24,Tracker
2022-06-04,2022-06-06 05:26:44 UTC,BMW,26,5 Series
2022-06-18,2022-06-19 21:31:43 UTC,Mercury,21,Grand Marquis
2022-05-10,2022-05-24 11:30:28 UTC,Dodge,12,Neon
2022-04-26,2022-05-23 07:12:35 UTC,Ford,24,Explorer
2021-09-12,2021-09-16 05:34:31 UTC,Oldsmobile,11,Cutlass Supreme
2021-09-10,2021-09-18 20:06:11 UTC,Ford,27,Aerostar
2021-12-20,2022-01-16 16:44:01 UTC,Jaguar,23,S-Type
2021-10-07,2021-10-13 18:25:23 UTC,Land Rover,17,Discovery Series II
2022-05-08,2022-05-27 17:36:27 UTC,Mitsubishi,29,Pajero
2021-10-09,2021-10-17 16:19:16 UTC,Porsche,14,Boxster
2022-07-21,2022-08-05 09:47:59 UTC,Mitsubishi,7,Truck
2022-03-04,2022-03-20 14:35:00 UTC,Pontiac,30,Solstice
2022-06-10,2022-06-11 04:19:56 UTC,GMC,21,3500
2021-11-28,2021-12-16 23:33:42 UTC,Mitsubishi,20,Chariot
2022-01-31,2022-03-01 08:17:49 UTC,BMW,10,530
2022-03-03,2022-03-13 08:15:44 UTC,Chevrolet,6,Suburban 1500
2021-12-10,2022-01-05 09:23:43 UTC,Buick,18,Roadmaster
2022-01-07,2022-02-05 13:53:57 UTC,Mitsubishi,21,Expo
2022-07-20,2022-08-07 13:31:49 UTC,Jeep,30,Cherokee
2022-04-08,2022-04-09 03:56:31 UTC,Volvo,19,XC60
2022-03-22,2022-03-31 18:50:52 UTC,BMW,15,5 Series
2022-05-27,2022-06-22 21:06:13 UTC,GMC,11,Yukon
2022-02-19,2022-02-24 12:09:41 UTC,Saturn,8,VUE
2022-05-16,2022-05-30 04:57:58 UTC,Mitsubishi,12,Eclipse
2022-04-07,2022-04-30 18:01:49 UTC,Lincoln,5,MKZ
2022-02-07,2022-02-12 23:11:23 UTC,Lexus,9,IS
2021-10-21,2021-11-19 02:30:43 UTC,GMC,10,Yukon XL
2021-10-23,2021-10-27 23:53:13 UTC,Mitsubishi,25,Truck
2022-04-13,2022-05-03 13:54:53 UTC,GMC,16,Yukon
2022-05-13,2022-06-03 17:14:09 UTC,Bentley,9,Continental
2022-05-02,2022-05-20 10:17:50 UTC,Dodge,27,Ram Wagon B350
2022-07-01,2022-07-09 03:52:10 UTC,Honda,8,CR-X
2022-06-28,2022-07-27 20:12:39 UTC,Ford,6,Edge
2022-07-04,2022-07-10 21:32:18 UTC,Isuzu,7,i-Series
2022-02-10,2022-02-11 05:42:19 UTC,Dodge,20,Ram Van B250
2022-04-08,2022-04-15 05:41:38 UTC,Pontiac,24,Montana
2022-01-25,2022-02-12 07:13:19 UTC,Audi,14,4000s
2022-07-16,2022-08-03 08:37:14 UTC,Morgan,5,Aero 8
2021-12-03,2021-12-04 09:47:04 UTC,Ford,8,Crown Victoria
2021-12-28,2022-01-02 10:14:37 UTC,Aston Martin,23,DB9
2021-11-29,2021-12-02 07:39:24 UTC,Mercedes-Benz,14,W123
2022-03-07,2022-03-20 07:54:43 UTC,Kia,16,Rio
2022-02-14,2022-02-26 03:22:18 UTC,Toyota,19,Corolla
2022-07-28,2022-08-09 03:26:15 UTC,Toyota,23,Previa
2021-12-30,2022-01-27 23:26:33 UTC,BMW,26,550
2021-12-26,2022-01-01 13:37:38 UTC,Toyota,12,Venza
2022-07-15,2022-07-29 18:19:05 UTC,BMW,7,Z3
2021-11-01,2021-11-06 12:44:23 UTC,Pontiac,18,LeMans
2021-10-22,2021-11-13 22:49:59 UTC,Honda,7,S2000
2021-09-20,2021-10-14 10:08:59 UTC,Chevrolet,23,Corvette
2022-03-27,2022-04-12 19:08:22 UTC,GMC,27,Yukon XL 1500
2022-05-10,2022-05-20 07:05:38 UTC,Isuzu,15,i-Series
2022-07-15,2022-08-07 17:51:44 UTC,BMW,29,Alpina B7
2021-11-24,2021-12-24 17:08:45 UTC,Mercury,22,Sable
2022-01-04,2022-01-19 09:13:36 UTC,Land Rover,16,Discovery
2022-04-17,2022-05-10 05:31:35 UTC,Toyota,13,Sienna
2021-11-12,2021-12-04 23:27:15 UTC,Land Rover,17,Defender 90
2022-02-01,2022-02-13 18:31:34 UTC,Chrysler,14,Fifth Ave
2021-09-04,2021-09-07 07:54:13 UTC,Chevrolet,21,Colorado
2022-04-23,2022-05-02 11:43:29 UTC,Chrysler,19,300
2022-06-11,2022-07-11 02:50:13 UTC,Eagle,10,Vision
2022-05-04,2022-05-18 21:42:59 UTC,Dodge,6,Avenger
2022-06-11,2022-06-18 16:52:02 UTC,Lexus,23,GS
2022-07-02,2022-07-15 12:12:20 UTC,Volkswagen,29,Fox
2022-05-03,2022-05-22 23:04:18 UTC,Jeep,30,Grand Cherokee
2022-06-10,2022-06-29 23:26:16 UTC,Oldsmobile,18,Intrigue
2021-11-20,2021-12-09 01:59:33 UTC,Chevrolet,22,Cobalt
2022-01-31,2022-02-13 20:34:01 UTC,Mercedes-Benz,6,600SEL
2021-11-29,2021-12-07 15:29:19 UTC,Nissan,19,Versa
2021-12-24,2021-12-29 11:22:49 UTC,Jeep,30,Patriot
2022-07-01,2022-07-11 05:56:15 UTC,Mercedes-Benz,20,SLS AMG
2022-03-18,2022-03-30 03:04:09 UTC,Mercedes-Benz,11,500E
2022-04-12,2022-05-06 00:25:51 UTC,Mazda,13,MPV
2022-01-06,2022-01-28 02:09:03 UTC,Audi,16,A8
2022-01-10,2022-01-19 19:46:37 UTC,Lexus,17,SC
2021-12-30,2022-01-21 02:00:07 UTC,Ford,29,F150
2021-11-29,2021-12-04 14:18:20 UTC,Mercury,7,Grand Marquis
2021-09-11,2021-10-03 22:44:01 UTC,Acura,15,NSX
2022-07-10,2022-07-16 19:11:23 UTC,Mercedes-Benz,22,E-Class
2021-11-20,2021-12-15 14:50:02 UTC,GMC,14,1500 Club Coupe
2021-09-27,2021-10-05 20:42:23 UTC,Chevrolet,19,Aveo
2022-06-14,2022-06-27 14:13:47 UTC,Mitsubishi,10,Chariot
2022-02-13,2022-02-24 06:17:35 UTC,Maserati,19,GranTurismo
2022-01-23,2022-02-12 17:34:55 UTC,Kia,7,Sportage
2021-11-17,2021-11-30 14:11:55 UTC,Acura,15,TSX
2022-07-22,2022-08-20 10:43:37 UTC,Pontiac,24,Aztek
2021-12-28,2022-01-22 17:27:20 UTC,Plymouth,24,Voyager
2021-12-21,2022-01-19 06:30:26 UTC,Dodge,22,Spirit
2022-05-22,2022-05-25 17:15:47 UTC,Audi,12,90
2021-12-30,2022-01-12 18:59:24 UTC,Chevrolet,9,SSR
2021-09-03,2021-10-02 02:55:42 UTC,GMC,10,Savana 2500
2021-09-07,2021-09-23 09:05:46 UTC,Mitsubishi,15,Eclipse
2022-05-28,2022-06-05 20:23:44 UTC,Land Rover,24,Discovery
2021-11-19,2021-12-17 16:53:00 UTC,Buick,15,Skylark
2022-02-28,2022-03-26 20:01:38 UTC,Lotus,25,Elise
2021-10-14,2021-11-09 16:50:51 UTC,Ram,10,C/V
2022-02-14,2022-02-20 18:31:57 UTC,BMW,18,6 Series
2022-01-25,2022-02-22 03:27:49 UTC,Volvo,28,740
2022-01-27,2022-02-13 05:52:53 UTC,Infiniti,21,M
2022-05-26,2022-06-25 04:09:56 UTC,Mitsubishi,21,GTO
2021-12-13,2022-01-09 06:57:00 UTC,Chevrolet,5,Impala
2022-03-24,2022-04-23 01:44:20 UTC,GMC,19,Savana
2021-11-11,2021-11-30 04:17:00 UTC,Infiniti,18,G
2022-07-11,2022-07-14 13:07:08 UTC,BMW,18,3 Series
2021-10-09,2021-11-03 22:25:15 UTC,Porsche,10,Boxster
2021-10-24,2021-11-10 15:18:43 UTC,Oldsmobile,21,Cutlass Supreme
2022-01-03,2022-01-05 22:13:57 UTC,Acura,12,TSX
2022-05-17,2022-05-31 02:32:58 UTC,Nissan,20,200SX
2022-05-14,2022-05-20 06:25:21 UTC,Lotus,26,Esprit
2021-10-23,2021-11-06 14:20:12 UTC,Volkswagen,10,rio
2022-03-23,2022-04-11 11:44:45 UTC,Volkswagen,20,Type 2
2022-07-01,2022-07-08 09:48:31 UTC,Dodge,9,Dakota
2022-01-16,2022-01-19 21:30:37 UTC,Mitsubishi,9,Starion
2022-06-21,2022-07-19 15:28:42 UTC,Volkswagen,19,Touareg
2021-09-20,2021-10-19 17:59:29 UTC,Ferrari,22,612 Scaglietti
2022-06-29,2022-07-02 15:53:10 UTC,Jaguar,7,XJ
2022-02-13,2022-03-09 01:54:33 UTC,Audi,24,Quattro
2022-02-09,2022-02-19 06:14:29 UTC,Land Rover,7,Range Rover
2021-11-22,2021-12-12 07:03:26 UTC,Mercedes-Benz,17,C-Class
2021-12-04,2021-12-31 07:57:25 UTC,Mitsubishi,26,Tredia
2021-10-13,2021-11-05 00:20:48 UTC,Ford,6,Econoline E250
2022-01-20,2022-02-17 19:41:44 UTC,Dodge,20,Viper RT/10
2022-01-28,2022-02-20 20:51:59 UTC,Hyundai,22,HED-5
2021-12-13,2021-12-27 04:44:14 UTC,Mercedes-Benz,22,SLS AMG
2022-02-25,2022-03-19 09:43:26 UTC,Honda,7,Prelude
2022-01-12,2022-01-23 03:26:50 UTC,Toyota,12,RAV4
2022-03-17,2022-03-25 02:41:11 UTC,Mercedes-Benz,23,SLR McLaren
2022-04-07,2022-04-30 06:38:33 UTC,Dodge,6,Ram Van 3500
2022-07-13,2022-07-29 18:14:54 UTC,GMC,10,Safari
2021-10-03,2021-10-29 07:05:44 UTC,Maserati,18,GranTurismo
2022-02-17,2022-03-13 14:03:59 UTC,Lexus,25,GX
2021-10-13,2021-10-30 15:25:15 UTC,Infiniti,14,QX
2021-09-09,2021-09-18 16:40:42 UTC,Lexus,20,RX
2021-10-20,2021-11-18 00:27:01 UTC,Nissan,10,Quest
2021-09-15,2021-10-02 17:28:26 UTC,Lexus,11,IS
2021-09-04,2021-09-17 08:27:35 UTC,BMW,21,3 Series
2022-02-18,2022-03-08 03:51:46 UTC,Chevrolet,27,Corvette
2021-09-23,2021-10-20 22:39:27 UTC,Ford,25,Escort
2021-10-10,2021-10-17 13:41:52 UTC,Lexus,23,RX Hybrid
2021-12-23,2022-01-20 13:17:05 UTC,Mercedes-Benz,10,W201
2022-05-26,2022-06-25 14:34:55 UTC,Dodge,20,Ram Wagon B150
2021-12-19,2022-01-17 17:05:36 UTC,Buick,29,LeSabre
2022-01-24,2022-01-30 23:19:50 UTC,Kia,16,Sedona
2021-09-21,2021-09-26 13:41:33 UTC,Lexus,21,LX
2022-04-10,2022-04-21 20:39:54 UTC,Chevrolet,11,Silverado
2022-04-14,2022-04-28 09:37:52 UTC,Mercedes-Benz,18,W126
2022-06-11,2022-06-29 15:04:01 UTC,Mercedes-Benz,17,SL-Class
2022-01-13,2022-02-08 08:20:09 UTC,Chevrolet,7,Monte Carlo
2022-01-07,2022-01-19 00:46:19 UTC,Maybach,24,57
2021-09-14,2021-10-02 01:21:47 UTC,Oldsmobile,26,88
2022-02-09,2022-02-13 04:39:57 UTC,Oldsmobile,12,Intrigue
2022-04-12,2022-04-18 11:21:58 UTC,Infiniti,6,G35
2022-07-08,2022-07-31 04:36:43 UTC,Oldsmobile,6,88
2022-04-05,2022-04-14 05:02:39 UTC,GMC,7,Terrain
2021-10-20,2021-11-09 03:38:00 UTC,Pontiac,17,Grand Prix
2022-05-18,2022-05-26 09:36:24 UTC,Infiniti,22,FX
2022-05-05,2022-06-03 14:38:48 UTC,Lotus,9,Exige
2021-09-05,2021-09-13 03:37:03 UTC,Dodge,22,Caliber
2021-12-29,2022-01-16 15:20:39 UTC,Dodge,10,Grand Caravan
2021-10-31,2021-11-07 06:23:23 UTC,Dodge,8,Intrepid
2021-12-25,2021-12-29 00:45:03 UTC,GMC,14,Sierra 1500
2021-11-13,2021-12-03 00:49:27 UTC,Mercedes-Benz,14,CL-Class
2022-02-24,2022-03-15 12:35:32 UTC,Nissan,28,Xterra
2022-07-22,2022-07-26 17:51:07 UTC,Cadillac,7,Escalade EXT
2021-12-04,2021-12-14 21:52:05 UTC,Chevrolet,15,Suburban 1500
2021-11-18,2021-11-28 23:00:00 UTC,Chevrolet,8,Suburban 2500
2022-05-24,2022-06-12 20:00:50 UTC,Chevrolet,21,Caprice Classic
2022-06-25,2022-07-11 20:21:03 UTC,Lexus,17,HS
2022-02-14,2022-02-23 07:20:37 UTC,Mercedes-Benz,17,SL-Class
2022-07-16,2022-08-14 03:22:23 UTC,Jaguar,9,X-Type
2022-04-23,2022-05-22 13:17:58 UTC,Mercedes-Benz,24,500SEL
2022-06-21,2022-06-30 02:43:13 UTC,Dodge,25,Grand Caravan
2021-09-23,2021-10-18 06:53:44 UTC,Chrysler,11,300
2022-04-25,2022-05-08 18:34:35 UTC,Buick,22,Riviera
2021-10-07,2021-11-02 11:08:20 UTC,Mazda,5,CX-7
2022-03-23,2022-03-29 08:13:23 UTC,Subaru,22,Legacy
2022-06-03,2022-06-05 00:01:26 UTC,Kia,22,Amanti
2021-09-23,2021-09-30 22:56:10 UTC,Nissan,8,Cube
2021-11-11,2021-11-30 07:01:09 UTC,Mercedes-Benz,22,Sprinter
2021-09-16,2021-09-27 04:39:33 UTC,Chevrolet,5,G-Series 3500
2021-12-16,2021-12-31 14:22:16 UTC,Pontiac,24,Bonneville
2022-07-30,2022-08-09 11:21:26 UTC,Chevrolet,12,Express 3500
2021-10-24,2021-11-02 17:34:02 UTC,Oldsmobile,17,Achieva
2022-07-16,2022-07-30 17:35:23 UTC,Mercedes-Benz,24,SLS AMG
2022-01-11,2022-02-01 04:42:15 UTC,Buick,13,Electra
2022-01-08,2022-02-02 10:31:10 UTC,Audi,28,S4
2022-02-01,2022-02-09 10:25:34 UTC,Hyundai,5,Accent
2022-02-09,2022-02-21 03:50:01 UTC,Chevrolet,11,Sportvan G30
2022-01-07,2022-01-08 07:46:19 UTC,Mercedes-Benz,8,E-Class
2022-07-23,2022-08-09 04:55:39 UTC,Chevrolet,25,Suburban 2500
2022-07-10,2022-07-30 17:57:44 UTC,Hummer,23,H2
2021-11-18,2021-12-07 01:02:26 UTC,Nissan,14,Pathfinder
2022-04-08,2022-05-05 05:31:12 UTC,Toyota,28,Sienna
2022-05-06,2022-06-04 04:59:46 UTC,Porsche,12,911
2021-11-02,2021-11-21 04:48:00 UTC,Pontiac,17,Firebird Formula
2022-04-10,2022-04-25 08:32:51 UTC,Scion,13,tC
2021-09-13,2021-10-11 17:00:01 UTC,Chrysler,6,Cirrus
2021-09-13,2021-09-14 22:04:43 UTC,Toyota,6,Prius
2022-03-11,2022-04-04 19:45:46 UTC,Toyota,25,Prius
2022-03-30,2022-04-22 03:02:50 UTC,Volkswagen,14,Jetta
2022-05-08,2022-05-10 02:19:32 UTC,Audi,15,Q7
2022-02-25,2022-03-02 03:20:08 UTC,Buick,18,Electra
2022-01-07,2022-01-16 03:19:42 UTC,Mercedes-Benz,5,G-Class
2022-01-20,2022-02-02 18:29:56 UTC,GMC,19,Vandura 3500
2021-10-26,2021-11-14 15:53:06 UTC,Mercury,18,Cougar
2022-01-19,2022-01-21 13:05:43 UTC,Lincoln,8,Continental Mark VII
2022-02-26,2022-03-12 06:01:48 UTC,Subaru,27,Alcyone SVX
2022-04-12,2022-04-27 22:25:58 UTC,Dodge,22,Ram 2500
2022-04-05,2022-04-07 07:42:34 UTC,Nissan,17,Quest
2022-02-19,2022-03-13 20:05:59 UTC,Honda,13,Passport
2022-02-18,2022-03-09 18:34:56 UTC,Pontiac,19,Trans Sport
2021-12-07,2021-12-22 06:35:09 UTC,Volvo,26,C70
2022-07-09,2022-07-31 06:52:53 UTC,Honda,15,Civic
2022-07-23,2022-07-30 23:36:09 UTC,Chevrolet,11,3500
2021-09-21,2021-09-26 13:23:43 UTC,Audi,23,S4
2021-09-27,2021-10-06 16:15:41 UTC,Nissan,10,GT-R
2021-12-25,2022-01-17 03:21:04 UTC,Ford,20,Club Wagon
2022-06-19,2022-07-14 00:02:30 UTC,Isuzu,13,Ascender
2021-10-30,2021-11-29 15:05:08 UTC,Mercury,7,Sable
2022-03-31,2022-04-03 20:01:55 UTC,Saturn,10,VUE
2022-02-27,2022-03-15 09:37:18 UTC,Pontiac,6,Parisienne
2021-12-16,2022-01-01 04:28:33 UTC,Jaguar,21,XF
2022-07-11,2022-08-05 00:44:43 UTC,Acura,17,Integra
2022-01-05,2022-01-06 04:15:22 UTC,Honda,11,Insight
2022-03-14,2022-03-16 22:10:33 UTC,Chrysler,7,Concorde
2021-10-09,2021-10-11 16:40:23 UTC,Nissan,13,300ZX
2022-07-26,2022-08-13 14:34:40 UTC,Volkswagen,9,New Beetle
2022-06-03,2022-06-05 07:43:34 UTC,Mitsubishi,8,Eclipse
2022-04-13,2022-04-16 20:48:22 UTC,Bentley,6,Continental Flying Spur
2022-07-22,2022-07-27 12:12:32 UTC,Pontiac,11,Grand Am
2022-06-01,2022-06-11 03:48:52 UTC,Plymouth,16,Grand Voyager
2022-07-22,2022-07-27 03:05:24 UTC,Buick,25,Skyhawk
2022-02-23,2022-03-17 19:31:06 UTC,BMW,19,530
2021-10-25,2021-11-21 01:05:06 UTC,Mercedes-Benz,8,CLS-Class
2022-06-02,2022-06-07 06:13:07 UTC,Chevrolet,13,Astro
2022-06-24,2022-07-05 15:53:06 UTC,Hummer,10,H3
2021-12-06,2021-12-15 01:58:01 UTC,Bentley,21,Continental Flying Spur
2022-01-11,2022-02-08 05:15:53 UTC,Lexus,20,GX
2022-03-04,2022-03-06 14:31:08 UTC,Ford,10,Mustang
2022-06-10,2022-07-06 12:25:05 UTC,Kia,11,Rio
2022-06-16,2022-07-15 05:59:46 UTC,Toyota,23,MR2
2022-05-02,2022-05-19 14:08:02 UTC,Suzuki,27,Esteem
2022-03-04,2022-03-31 05:02:27 UTC,Honda,5,CR-V
2021-10-10,2021-10-17 04:56:07 UTC,Lexus,7,LX
2022-02-16,2022-02-26 15:06:02 UTC,Mazda,29,Miata MX-5
2021-10-12,2021-10-30 12:00:41 UTC,Dodge,20,Dakota
2022-03-14,2022-03-30 10:41:57 UTC,Alfa Romeo,30,164
2022-06-02,2022-06-09 00:22:16 UTC,Volvo,29,C30
2022-03-18,2022-03-31 07:36:05 UTC,Infiniti,22,G
2022-04-10,2022-05-05 02:29:02 UTC,Ford,5,Festiva
2022-02-22,2022-03-07 22:17:48 UTC,Chevrolet,30,Suburban 2500
2021-09-14,2021-09-15 14:41:49 UTC,Chrysler,18,Town & Country
2022-04-21,2022-05-13 00:50:37 UTC,Saturn,17,Ion
2022-04-16,2022-04-20 05:33:53 UTC,Lotus,20,Esprit
2022-04-12,2022-04-29 22:00:46 UTC,Oldsmobile,26,Cutlass Supreme
2022-04-30,2022-05-15 01:14:09 UTC,Chevrolet,8,Malibu
2021-10-28,2021-11-10 13:43:36 UTC,Ford,23,Probe
2022-06-24,2022-06-26 01:16:06 UTC,Dodge,24,Ram Van 1500
2021-09-14,2021-10-12 00:45:36 UTC,GMC,27,Sierra 1500
2022-05-18,2022-06-10 16:27:05 UTC,Lamborghini,6,Diablo
2022-02-12,2022-03-10 21:33:19 UTC,Toyota,8,Avalon
2022-07-17,2022-07-20 23:49:09 UTC,GMC,5,Savana 1500
2022-04-10,2022-05-10 22:08:50 UTC,Chevrolet,20,Blazer
2022-03-18,2022-03-20 08:50:02 UTC,Dodge,26,Ram Van 3500
2022-01-03,2022-02-01 13:01:22 UTC,Ford,26,Laser
2021-10-12,2021-11-05 23:40:42 UTC,Saab,22,9000
2022-04-07,2022-04-26 13:32:03 UTC,Dodge,26,Stealth
2022-01-27,2022-02-15 08:20:13 UTC,GMC,13,Envoy
2022-01-26,2022-02-07 05:13:17 UTC,Hyundai,29,Tucson
2022-03-11,2022-03-12 20:28:03 UTC,Toyota,30,RAV4
2022-02-13,2022-02-20 09:30:42 UTC,Lotus,15,Esprit
2022-06-09,2022-06-21 17:45:41 UTC,Volkswagen,20,Rabbit
2021-10-04,2021-10-19 10:14:57 UTC,Chevrolet,24,Corsica
2022-07-13,2022-08-10 14:08:40 UTC,Land Rover,17,Range Rover
2021-09-20,2021-10-19 16:12:15 UTC,Pontiac,11,Firebird
2022-04-19,2022-05-05 09:11:31 UTC,Jeep,8,Liberty
2022-02-06,2022-02-16 21:52:07 UTC,Ford,5,E350
2022-03-30,2022-04-24 20:01:41 UTC,Nissan,16,Pathfinder
2022-06-06,2022-06-25 03:26:13 UTC,Mercedes-Benz,7,S-Class
2022-03-02,2022-03-28 07:51:43 UTC,Mitsubishi,6,Mirage
2022-05-15,2022-06-03 02:56:22 UTC,Lexus,12,ES
2021-11-01,2021-11-23 21:15:21 UTC,Ford,19,F350
2022-07-12,2022-07-30 13:45:55 UTC,Mercedes-Benz,9,E-Class
2021-11-05,2021-11-30 14:59:20 UTC,Suzuki,9,Aerio
2022-04-15,2022-05-01 02:42:03 UTC,Land Rover,28,Range Rover
2021-10-28,2021-11-01 08:21:36 UTC,Chevrolet,16,Express 2500
2021-09-30,2021-10-25 13:06:04 UTC,Bentley,10,Azure
2022-05-15,2022-06-03 16:15:51 UTC,Chevrolet,10,Tahoe
