"Id_Promozione","A_V_Codice_Fiscale"
150000,"RWXAHS16Q69C607E"
150001,"GWSWCE20P38A006U"
150002,"DBLGDH64L13N537B"
150003,"RWXAHS16Q69C607E"
150004,"WNKCWP89Q19P287B"
150005,"CISNIA37X86R911F"
150006,"AYYGFF86S30M223A"
150007,"HHATWT08D60D062Y"
150008,"OQMVMT12S91T266A"
150009,"IDNEDA42K99Z105D"
150010,"OQMVMT12S91T266A"
150011,"ZIWMID76K98U160D"
150012,"BWLFES44M80C407K"
150013,"YVUCJJ70V84H642L"
150014,"BTLCNU38B77A480P"
150015,"PRNQQS94T77N371B"
150016,"FEQZTT01K44U855V"
150017,"ATOPPV18I18V056E"
150018,"RTXMLP84W56D464V"
150019,"SYQFES47S49E221E"
150020,"ZNDGNP59J71T638V"
150021,"IDUATR61E69Y654E"
150022,"ATOPPV18I18V056E"
150023,"PRNQQS94T77N371B"
150024,"DBLGDH64L13N537B"
150025,"PUFMAQ18Q60C969U"
150026,"ETXKVQ18D71H299N"
150027,"EUFYNR16X90S631F"
150028,"CIZGWH45Q71V543Z"
150029,"UNDOAO64D63B838T"
150030,"WKNHLB74D76A966H"
150031,"HKGSWS83V01P425N"
150032,"KGWCCR64N20M371K"
150033,"PMZCJF65P13O955Y"
150034,"QYDKBO24F43L414S"
150035,"OIMLAU06U16T552F"
150036,"XUAPTR00W41V274B"
150037,"VMLJQW32P83W006M"
150038,"ODAOBR73F09Q200J"
150039,"GPWFZG35E01C104Y"
150040,"NZKDTB88N83Q628F"
150041,"QSWUSY71S05C168H"
150042,"WRRDBK28N46Z291X"
150043,"UMOFLD97Z40G646N"
150044,"YIWLON15J07F038U"
150045,"XLIDDU69T06C416N"
150046,"KWAQDB74C35Z586L"
150047,"OHIGNH41D64K664W"
150048,"IGMUSX66C80A459K"
150049,"MOTDTS40Z94X404B"
150050,"DBLGDH64L13N537B"
150051,"MQBVSE69G24X064B"
150052,"ZIWMID76K98U160D"
150053,"ODAOBR73F09Q200J"
150054,"GVTHTE67W76X522E"
150055,"SXELZL26N68M016F"
150056,"ACFGNQ30L49C290E"
150057,"HZAVUY41G66L333X"
150058,"WTYTET78D52E919H"
150059,"EUFYNR16X90S631F"
150060,"LRGQSJ30V92V352A"
150061,"WNWRCY32P99H912J"
150062,"XQKLOF03H62I351U"
150063,"XQKLOF03H62I351U"
150064,"CIZGWH45Q71V543Z"
150065,"LRGQSJ30V92V352A"
150066,"DZETJN50Z07U534A"
150067,"MRFBHV75F19E331I"
150068,"UNDOAO64D63B838T"
150069,"DPJSBJ29Z52F587B"
150070,"EBOLCV84Q24N774C"
150071,"LRGQSJ30V92V352A"
150072,"EHNKGS82J60Q385Z"
150073,"TQSUQI56J51H936A"
150074,"IDNEDA42K99Z105D"
150075,"MOTDTS40Z94X404B"
150076,"ENEGRD73I87H140X"
150077,"WJYBEY36T30G643B"
150078,"QNNWOP03R38H444V"
150079,"TMKVSM45P14O544K"
150080,"MBIOWU23F78K866P"
150081,"IGMUSX66C80A459K"
150082,"HZAVUY41G66L333X"
150083,"XRWMMI72M55K352Q"
150084,"MQRHFW38P55L584M"
150085,"DZETJN50Z07U534A"
150086,"HKGSWS83V01P425N"
150087,"GZEHLR76D39C543A"
150088,"NUOJUU31A45U320R"
150089,"YVUCJJ70V84H642L"
150090,"PADBXY05D59J640O"
150091,"SBAUEH59M12P739I"
150092,"TQSUQI56J51H936A"
150093,"FALDMA79A02E678K"
150094,"UKBQOD31X04K086S"
150095,"AYYGFF86S30M223A"
150096,"WVJGKB82T57E302J"
150097,"QLFGBG14D97K963Z"
150098,"OHIGNH41D64K664W"
150099,"YWMBEH67B00Q536D"
150100,"NUOJUU31A45U320R"
150101,"MRFBHV75F19E331I"
150102,"SZZVBR22L52C335O"
150103,"DZETJN50Z07U534A"
150104,"NJODBW91S86G879X"
150105,"KWAQDB74C35Z586L"
150106,"KWAQDB74C35Z586L"
150107,"SZZVBR22L52C335O"
150108,"BGQMOS11P86Q149K"
150109,"HKGSWS83V01P425N"
150110,"MQBVSE69G24X064B"
150111,"HZAVUY41G66L333X"
150112,"TIXXUP92K11F878S"
150113,"WNKCWP89Q19P287B"
150114,"EHNKGS82J60Q385Z"
150115,"MBIOWU23F78K866P"
150116,"FEQZTT01K44U855V"
150117,"RZCUNR76K90W458Y"
150118,"AYYGFF86S30M223A"
150119,"FEQZTT01K44U855V"
150120,"CIZGWH45Q71V543Z"
150121,"EBOLCV84Q24N774C"
150122,"DBLGDH64L13N537B"
150123,"HYGYDE43Y42E709K"
150124,"NZKDTB88N83Q628F"
150125,"SXWOIG54G61C100S"
150126,"TMKVSM45P14O544K"
150127,"EHGLZS25F40M201I"
150128,"WYXPHW89A87V093V"
150129,"EBOLCV84Q24N774C"
150130,"MUOGXW35O40R079Q"
150131,"XCWSMO29K71N898E"
150132,"LPWMRY69X73W341C"
150133,"AYYGFF86S30M223A"
150134,"JHSBBG81L95Q613T"
150135,"LPWMRY69X73W341C"
150136,"MQBVSE69G24X064B"
150137,"OHIGNH41D64K664W"
150138,"HVYDZC52N40G147U"
150139,"FEQZTT01K44U855V"
150140,"XEVFED62P40M660T"
150141,"NNASML76Q64W590P"
150142,"MOTDTS40Z94X404B"
150143,"BTLCNU38B77A480P"
150144,"SBAUEH59M12P739I"
150145,"TIXXUP92K11F878S"
150146,"HYGYDE43Y42E709K"
150147,"DXDGKX90W87Y932Z"
150148,"PJQKOH05A29Q376V"
150149,"CSLOLY28G46O506M"
150150,"RWXAHS16Q69C607E"
150151,"QUIUTN54N72M832J"
150152,"NUOJUU31A45U320R"
150153,"YQZCAY08U06W201F"
150154,"ZIWMID76K98U160D"
150155,"VAZJSE96H09D817P"
150156,"THCWHR18P38J711N"
150157,"XEVFED62P40M660T"
150158,"JERYSF73Y93B513L"
150159,"DXDGKX90W87Y932Z"
150160,"PUFMAQ18Q60C969U"
150161,"DXDGKX90W87Y932Z"
150162,"HKGSWS83V01P425N"
150163,"HKGSWS83V01P425N"
150164,"RNCVFW69M72H227R"
150165,"NWWLEM13X36Q264E"
150166,"KNROCO54P56H810X"
150167,"MXZDCD63C48U147N"
150168,"OMASMN29R87E201T"
150169,"RTXMLP84W56D464V"
150170,"SXELZL26N68M016F"
150171,"MRRQBD39M25T250G"
150172,"QEFFZC20W06U053I"
150173,"XEVFED62P40M660T"
150174,"NNASML76Q64W590P"
150175,"FILXNU71F40Y532I"
150176,"GPWFZG35E01C104Y"
150177,"UMOFLD97Z40G646N"
150178,"XEVFED62P40M660T"
150179,"SXQPPS30C79D088A"
150180,"OMASMN29R87E201T"
150181,"IVVAMK71D96D702P"
150182,"ACFGNQ30L49C290E"
150183,"NWWLEM13X36Q264E"
150184,"IVVAMK71D96D702P"
150185,"GWSWCE20P38A006U"
150186,"OBCPNB47W37D727O"
150187,"DWZGPH36V95T072R"
150188,"WTYTET78D52E919H"
150189,"XLIDDU69T06C416N"
150190,"YQZCAY08U06W201F"
150191,"SYQFES47S49E221E"
150192,"GKALBL56A02C139J"
150193,"QEFFZC20W06U053I"
150194,"PJQKOH05A29Q376V"
150195,"GKALBL56A02C139J"
150196,"NWWLEM13X36Q264E"
150197,"OZVRKR96U73F698M"
150198,"ZQIEER25Z09Q808X"
150199,"YWMBEH67B00Q536D"
150200,"GICCIN03P68N368D"
150201,"UMOFLD97Z40G646N"
150202,"OJZQXD44V55I204E"
150203,"GICCIN03P68N368D"
150204,"SXELZL26N68M016F"
150205,"EZLSOV40Y29F786I"
150206,"DZETJN50Z07U534A"
150207,"FEQZTT01K44U855V"
150208,"XEVFED62P40M660T"
150209,"XLIDDU69T06C416N"
150210,"OHIGNH41D64K664W"
150211,"QLFGBG14D97K963Z"
150212,"EZLSOV40Y29F786I"
150213,"CISNIA37X86R911F"
150214,"RWXAHS16Q69C607E"
150215,"WKNHLB74D76A966H"
150216,"RSKYMP19X99L356F"
150217,"KMPGHY22U71K207Q"
150218,"DQBXBH84Q87T608G"
150219,"XRWMMI72M55K352Q"
150220,"EUFYNR16X90S631F"
150221,"KYMCSM73C48N347N"
150222,"LRGQSJ30V92V352A"
150223,"ZPGJZH98O47C759B"
150224,"TIXXUP92K11F878S"
150225,"QYDKBO24F43L414S"
150226,"MQRHFW38P55L584M"
150227,"DWZGPH36V95T072R"
150228,"OBCPNB47W37D727O"
150229,"WVJGKB82T57E302J"
150230,"ETXKVQ18D71H299N"
150231,"PUFMAQ18Q60C969U"
150232,"NABPLF99T42E507S"
150233,"DWZGPH36V95T072R"
150234,"QYDKBO24F43L414S"
150235,"EUJURP79S37H611F"
150236,"AYYGFF86S30M223A"
150237,"MQOITN77R10W569M"
150238,"ENEGRD73I87H140X"
150239,"MQRHFW38P55L584M"
150240,"CIZGWH45Q71V543Z"
150241,"EHGLZS25F40M201I"
150242,"QDVRDB36T13B101K"
150243,"OIMLAU06U16T552F"
150244,"YWMBEH67B00Q536D"
150245,"MRRQBD39M25T250G"
150246,"JHSBBG81L95Q613T"
150247,"DWZGPH36V95T072R"
150248,"EZLSOV40Y29F786I"
150249,"LOSEGH03R19H163D"
150250,"WRRDBK28N46Z291X"
150251,"EHNKGS82J60Q385Z"
150252,"BWLFES44M80C407K"
150253,"QEFFZC20W06U053I"
150254,"HVYDZC52N40G147U"
150255,"FILXNU71F40Y532I"
150256,"ZPGJZH98O47C759B"
150257,"LZYVRC98C75I155R"
150258,"ETXKVQ18D71H299N"
150259,"FILXNU71F40Y532I"
150260,"RWXAHS16Q69C607E"
150261,"EUJURP79S37H611F"
150262,"XUAPTR00W41V274B"
150263,"QDVRDB36T13B101K"
150264,"CSLOLY28G46O506M"
150265,"ODAOBR73F09Q200J"
150266,"SSNTET86V60Q854J"
150267,"RGFIXV77C92K763N"
150268,"DJQLIS80B95H293O"
150269,"HHATWT08D60D062Y"
150270,"FILXNU71F40Y532I"
150271,"ODAOBR73F09Q200J"
150272,"CISNIA37X86R911F"
150273,"PRNQQS94T77N371B"
150274,"DXDGKX90W87Y932Z"
150275,"YJDRRB60D96K164R"
150276,"JHSBBG81L95Q613T"
150277,"MUOGXW35O40R079Q"
150278,"OMASMN29R87E201T"
150279,"IGMUSX66C80A459K"
150280,"UYJRHK61I69Y043U"
150281,"OTGPQC58Z84Z320S"
150282,"MQOITN77R10W569M"
150283,"XLIDDU69T06C416N"
150284,"SSNTET86V60Q854J"
150285,"LZYZFZ86Q98M893U"
150286,"PEPAOE07O92M683Z"
150287,"OJTTKQ18U59R405T"
150288,"LZYZFZ86Q98M893U"
150289,"IGMUSX66C80A459K"
150290,"EHGLZS25F40M201I"
150291,"EHNKGS82J60Q385Z"
150292,"MLEWLJ14B56G997X"
150293,"XHLZXY13O72S493P"
150294,"TQSUQI56J51H936A"
150295,"DZETJN50Z07U534A"
150296,"LSFPBQ10U09G931S"
150297,"DQBXBH84Q87T608G"
150298,"MQBVSE69G24X064B"
150299,"BWLFES44M80C407K"
150300,"YQZCAY08U06W201F"
150301,"JERYSF73Y93B513L"
150302,"LOSEGH03R19H163D"
150303,"MRFBHV75F19E331I"
150304,"DWZGPH36V95T072R"
150305,"DBLGDH64L13N537B"
150306,"EUFYNR16X90S631F"
150307,"IGMUSX66C80A459K"
150308,"NUOJUU31A45U320R"
150309,"XGQUWL98A04N888V"
150310,"OJZQXD44V55I204E"
150311,"SYQFES47S49E221E"
150312,"LZYZFZ86Q98M893U"
150313,"QEFFZC20W06U053I"
150314,"OZVRKR96U73F698M"
150315,"LKJXSC71S73H779Q"
150316,"OHIGNH41D64K664W"
150317,"YWMBEH67B00Q536D"
150318,"XRWMMI72M55K352Q"
150319,"CISNIA37X86R911F"
150320,"BGQMOS11P86Q149K"
150321,"FILXNU71F40Y532I"
150322,"TIXXUP92K11F878S"
150323,"XCWSMO29K71N898E"
150324,"PADBXY05D59J640O"
150325,"YIWLON15J07F038U"
150326,"QYDKBO24F43L414S"
150327,"OJTTKQ18U59R405T"
150328,"WNKCWP89Q19P287B"
150329,"SXWOIG54G61C100S"
150330,"BTLCNU38B77A480P"
150331,"BWLFES44M80C407K"
150332,"NNASML76Q64W590P"
150333,"QSWUSY71S05C168H"
150334,"IDNEDA42K99Z105D"
150335,"GICCIN03P68N368D"
150336,"UKBQOD31X04K086S"
150337,"SXWOIG54G61C100S"
150338,"QLFGBG14D97K963Z"
150339,"THCWHR18P38J711N"
150340,"PEPAOE07O92M683Z"
150341,"IKCAYP92R66W837J"
150342,"HHBEPI57O65K856C"
150343,"QVPIMX18Y61Y433R"
150344,"VLSJLZ43W81V022X"
150345,"OTGPQC58Z84Z320S"
150346,"PRNQQS94T77N371B"
150347,"WJYBEY36T30G643B"
150348,"HKGSWS83V01P425N"
150349,"HKGSWS83V01P425N"
150350,"XUAPTR00W41V274B"
150351,"PRNQQS94T77N371B"
150352,"ZQIEER25Z09Q808X"
150353,"PMZCJF65P13O955Y"
150354,"SXQPPS30C79D088A"
150355,"SXWOIG54G61C100S"
150356,"BWLFES44M80C407K"
150357,"PMZCJF65P13O955Y"
150358,"VAZJSE96H09D817P"
150359,"JXJDGT67V10U184X"
150360,"MOTDTS40Z94X404B"
150361,"HHATWT08D60D062Y"
150362,"WRRDBK28N46Z291X"
150363,"FEQZTT01K44U855V"
150364,"HKGSWS83V01P425N"
150365,"UMOFLD97Z40G646N"
150366,"EZLSOV40Y29F786I"
150367,"OMASMN29R87E201T"
150368,"ZPGJZH98O47C759B"
150369,"QLFGBG14D97K963Z"
150370,"PJQKOH05A29Q376V"
150371,"XEVFED62P40M660T"
150372,"OIMLAU06U16T552F"
150373,"EUJURP79S37H611F"
150374,"DWZGPH36V95T072R"
150375,"UYJRHK61I69Y043U"
150376,"QYDKBO24F43L414S"
150377,"KGWCCR64N20M371K"
150378,"KGWCCR64N20M371K"
150379,"ENEGRD73I87H140X"
150380,"LJZAEO13N20W224J"
150381,"SSNTET86V60Q854J"
150382,"ENEGRD73I87H140X"
150383,"EUJURP79S37H611F"
150384,"SSNTET86V60Q854J"
150385,"XHLZXY13O72S493P"
150386,"THCWHR18P38J711N"
150387,"GVTHTE67W76X522E"
150388,"OJZQXD44V55I204E"
150389,"THCWHR18P38J711N"
150390,"PRNQQS94T77N371B"
150391,"KYMCSM73C48N347N"
150392,"MOTDTS40Z94X404B"
150393,"MQOITN77R10W569M"
150394,"XHLZXY13O72S493P"
150395,"AYYGFF86S30M223A"
150396,"RGFIXV77C92K763N"
150397,"ZQIEER25Z09Q808X"
150398,"JXJDGT67V10U184X"
150399,"XKMHVJ74R79E723T"
150400,"DZETJN50Z07U534A"
150401,"SXQPPS30C79D088A"
150402,"GKALBL56A02C139J"
150403,"LPWMRY69X73W341C"
150404,"KNROCO54P56H810X"
150405,"THCWHR18P38J711N"
150406,"QVPIMX18Y61Y433R"
150407,"FALDMA79A02E678K"
150408,"WRRDBK28N46Z291X"
150409,"RWXAHS16Q69C607E"
150410,"YJDRRB60D96K164R"
150411,"MBIOWU23F78K866P"
150412,"NABPLF99T42E507S"
150413,"XQKLOF03H62I351U"
150414,"GKALBL56A02C139J"
150415,"NABPLF99T42E507S"
150416,"MUOGXW35O40R079Q"
150417,"MOTDTS40Z94X404B"
150418,"XHKOVB62I60E869Q"
150419,"LZYZFZ86Q98M893U"
150420,"QUIUTN54N72M832J"
150421,"MOTDTS40Z94X404B"
150422,"DZETJN50Z07U534A"
150423,"GZEHLR76D39C543A"
150424,"CIZGWH45Q71V543Z"
150425,"GPWFZG35E01C104Y"
150426,"EUFYNR16X90S631F"
150427,"HZAVUY41G66L333X"
150428,"RTXMLP84W56D464V"
150429,"OJZQXD44V55I204E"
150430,"GKALBL56A02C139J"
150431,"TIXXUP92K11F878S"
150432,"DBLGDH64L13N537B"
150433,"HKGSWS83V01P425N"
150434,"WRRDBK28N46Z291X"
150435,"PXHVMC72N67J929R"
150436,"UKBQOD31X04K086S"
150437,"BTLCNU38B77A480P"
150438,"LOSEGH03R19H163D"
150439,"XKMHVJ74R79E723T"
150440,"QLFGBG14D97K963Z"
150441,"BTLCNU38B77A480P"
150442,"BTLCNU38B77A480P"
150443,"PMZCJF65P13O955Y"
150444,"FILXNU71F40Y532I"
150445,"RSKYMP19X99L356F"
150446,"MBIOWU23F78K866P"
150447,"RARJPS09X74W370I"
150448,"WRRDBK28N46Z291X"
150449,"IDUATR61E69Y654E"
150450,"XLIDDU69T06C416N"
150451,"RGFIXV77C92K763N"
150452,"OJTTKQ18U59R405T"
150453,"PRNQQS94T77N371B"
150454,"OBSAYK46W87D210D"
150455,"QEFFZC20W06U053I"
150456,"GKALBL56A02C139J"
150457,"SXQPPS30C79D088A"
150458,"SXELZL26N68M016F"
150459,"CIZGWH45Q71V543Z"
150460,"HHATWT08D60D062Y"
150461,"XQKLOF03H62I351U"
150462,"QLFGBG14D97K963Z"
150463,"HZAVUY41G66L333X"
150464,"FEQZTT01K44U855V"
150465,"VLSJLZ43W81V022X"
150466,"PRNQQS94T77N371B"
150467,"UKBQOD31X04K086S"
150468,"PADBXY05D59J640O"
150469,"SSNTET86V60Q854J"
150470,"EHGLZS25F40M201I"
150471,"ODAOBR73F09Q200J"
150472,"PADBXY05D59J640O"
150473,"VMLJQW32P83W006M"
150474,"NUOJUU31A45U320R"
150475,"WTYTET78D52E919H"
150476,"SYQFES47S49E221E"
150477,"ETXKVQ18D71H299N"
150478,"EUJURP79S37H611F"
150479,"FALDMA79A02E678K"
150480,"QDVRDB36T13B101K"
150481,"PJQKOH05A29Q376V"
150482,"SBAUEH59M12P739I"
150483,"NJODBW91S86G879X"
150484,"XQKLOF03H62I351U"
150485,"HHBEPI57O65K856C"
150486,"QUIUTN54N72M832J"
150487,"IKCAYP92R66W837J"
150488,"IGMUSX66C80A459K"
150489,"UMOFLD97Z40G646N"
150490,"HKGSWS83V01P425N"
150491,"KMPGHY22U71K207Q"
150492,"JERYSF73Y93B513L"
150493,"SBAUEH59M12P739I"
150494,"XEVFED62P40M660T"
150495,"YIWLON15J07F038U"
150496,"HKGSWS83V01P425N"
150497,"GWSWCE20P38A006U"
150498,"LWHQLJ48J26E443F"
150499,"XCWSMO29K71N898E"
150500,"XYHWCZ08K73F696Z"
150501,"SXELZL26N68M016F"
150502,"MBIOWU23F78K866P"
150503,"FEQZTT01K44U855V"
150504,"EHGLZS25F40M201I"
150505,"XKMHVJ74R79E723T"
150506,"HVYDZC52N40G147U"
150507,"RWXAHS16Q69C607E"
150508,"OBCPNB47W37D727O"
150509,"ZNDGNP59J71T638V"
150510,"VBTUXJ91X58P755I"
150511,"IDNEDA42K99Z105D"
150512,"TIXXUP92K11F878S"
150513,"WKNHLB74D76A966H"
150514,"IKCAYP92R66W837J"
150515,"VBTUXJ91X58P755I"
150516,"VLSJLZ43W81V022X"
150517,"TQSUQI56J51H936A"
150518,"IKCAYP92R66W837J"
150519,"HZAVUY41G66L333X"
150520,"WNWRCY32P99H912J"
150521,"PUFMAQ18Q60C969U"
150522,"DWZGPH36V95T072R"
150523,"YIWLON15J07F038U"
150524,"AVJMVS27Z20H763L"
150525,"THCWHR18P38J711N"
150526,"EUJURP79S37H611F"
150527,"IVVAMK71D96D702P"
150528,"FILXNU71F40Y532I"
150529,"EHNKGS82J60Q385Z"
150530,"XUAPTR00W41V274B"
150531,"TQSUQI56J51H936A"
150532,"KMPGHY22U71K207Q"
150533,"YJDRRB60D96K164R"
150534,"XYHWCZ08K73F696Z"
150535,"PJQKOH05A29Q376V"
150536,"VKYFKX89T44T765R"
150537,"LPWMRY69X73W341C"
150538,"EUFYNR16X90S631F"
150539,"BGQMOS11P86Q149K"
150540,"VLSJLZ43W81V022X"
150541,"CISNIA37X86R911F"
150542,"MUOGXW35O40R079Q"
150543,"QYDKBO24F43L414S"
150544,"QUIUTN54N72M832J"
150545,"MQRHFW38P55L584M"
150546,"FILXNU71F40Y532I"
150547,"YQZCAY08U06W201F"
150548,"DPJSBJ29Z52F587B"
150549,"EKOTEO03D79C695W"
150550,"XLIDDU69T06C416N"
150551,"OJZQXD44V55I204E"
150552,"OHIGNH41D64K664W"
150553,"BGQMOS11P86Q149K"
150554,"RZCUNR76K90W458Y"
150555,"RTXMLP84W56D464V"
150556,"QEFFZC20W06U053I"
150557,"XUAPTR00W41V274B"
150558,"JHSBBG81L95Q613T"
150559,"FALDMA79A02E678K"
150560,"VBTUXJ91X58P755I"
150561,"ACFGNQ30L49C290E"
150562,"WNWRCY32P99H912J"
150563,"DJQLIS80B95H293O"
150564,"UMOFLD97Z40G646N"
150565,"EZLSOV40Y29F786I"
150566,"QEFFZC20W06U053I"
150567,"ZQIEER25Z09Q808X"
150568,"SXWOIG54G61C100S"
150569,"HVYDZC52N40G147U"
150570,"KWAQDB74C35Z586L"
150571,"CIZGWH45Q71V543Z"
150572,"QVPIMX18Y61Y433R"
150573,"WVAVTQ14K11G229F"
150574,"AYYGFF86S30M223A"
150575,"AYYGFF86S30M223A"
150576,"ENEGRD73I87H140X"
150577,"UKBQOD31X04K086S"
150578,"XKMHVJ74R79E723T"
150579,"GKALBL56A02C139J"
150580,"NWWLEM13X36Q264E"
150581,"UYJRHK61I69Y043U"
150582,"NWWLEM13X36Q264E"
150583,"NABPLF99T42E507S"
150584,"MRFBHV75F19E331I"
150585,"ACFGNQ30L49C290E"
150586,"BTLCNU38B77A480P"
150587,"LPWMRY69X73W341C"
150588,"KGWCCR64N20M371K"
150589,"JERYSF73Y93B513L"
150590,"OHIGNH41D64K664W"
150591,"OTGPQC58Z84Z320S"
150592,"SZZVBR22L52C335O"
150593,"GVTHTE67W76X522E"
150594,"IGMUSX66C80A459K"
150595,"KYMCSM73C48N347N"
150596,"VKYFKX89T44T765R"
150597,"OBCPNB47W37D727O"
150598,"OZVRKR96U73F698M"
150599,"MXZDCD63C48U147N"
150600,"QYDKBO24F43L414S"
150601,"CIZGWH45Q71V543Z"
150602,"BTLCNU38B77A480P"
150603,"RWXAHS16Q69C607E"
150604,"ZIWMID76K98U160D"
150605,"XUAPTR00W41V274B"
150606,"EHGLZS25F40M201I"
150607,"DBLGDH64L13N537B"
150608,"RWXAHS16Q69C607E"
150609,"QUIUTN54N72M832J"
150610,"JHSBBG81L95Q613T"
150611,"KMPGHY22U71K207Q"
150612,"ATOPPV18I18V056E"
150613,"ZQIEER25Z09Q808X"
150614,"QSWUSY71S05C168H"
150615,"HYGYDE43Y42E709K"
150616,"MUOGXW35O40R079Q"
150617,"XCWSMO29K71N898E"
150618,"DJQLIS80B95H293O"
150619,"YIWLON15J07F038U"
150620,"QDVRDB36T13B101K"
150621,"WVJGKB82T57E302J"
150622,"GVTHTE67W76X522E"
150623,"RGFIXV77C92K763N"
150624,"EUFYNR16X90S631F"
150625,"XHLZXY13O72S493P"
150626,"ZQIEER25Z09Q808X"
150627,"JHSBBG81L95Q613T"
150628,"EHNKGS82J60Q385Z"
150629,"RWXAHS16Q69C607E"
150630,"PUFMAQ18Q60C969U"
150631,"WYXPHW89A87V093V"
150632,"MRFBHV75F19E331I"
150633,"SSNTET86V60Q854J"
150634,"ZQIEER25Z09Q808X"
150635,"GICCIN03P68N368D"
150636,"WVJGKB82T57E302J"
150637,"LJZAEO13N20W224J"
150638,"OMASMN29R87E201T"
150639,"VAZJSE96H09D817P"
150640,"PUFMAQ18Q60C969U"
150641,"OQMVMT12S91T266A"
150642,"YIWLON15J07F038U"
150643,"ZPGJZH98O47C759B"
150644,"MLEWLJ14B56G997X"
150645,"PUFMAQ18Q60C969U"
150646,"MLEWLJ14B56G997X"
150647,"SSNTET86V60Q854J"
150648,"EUJURP79S37H611F"
150649,"KNROCO54P56H810X"
150650,"WKNHLB74D76A966H"
150651,"QEFFZC20W06U053I"
150652,"IKCAYP92R66W837J"
150653,"PRNQQS94T77N371B"
150654,"AYYGFF86S30M223A"
150655,"BWLFES44M80C407K"
150656,"SZZVBR22L52C335O"
150657,"NZKDTB88N83Q628F"
150658,"YQZCAY08U06W201F"
150659,"OQMVMT12S91T266A"
150660,"OMASMN29R87E201T"
150661,"XKMHVJ74R79E723T"
150662,"EKOTEO03D79C695W"
150663,"QNNWOP03R38H444V"
150664,"UMOFLD97Z40G646N"
150665,"HZAVUY41G66L333X"
150666,"EBOLCV84Q24N774C"
150667,"JXJDGT67V10U184X"
150668,"OBCPNB47W37D727O"
150669,"FEQZTT01K44U855V"
150670,"GVTHTE67W76X522E"
150671,"HZAVUY41G66L333X"
150672,"ZVEYQD17M26N391D"
150673,"ZPGJZH98O47C759B"
150674,"ACFGNQ30L49C290E"
150675,"GPWFZG35E01C104Y"
150676,"MRFBHV75F19E331I"
150677,"YQZCAY08U06W201F"
150678,"SXELZL26N68M016F"
150679,"EBOLCV84Q24N774C"
150680,"QSWUSY71S05C168H"
150681,"XGQUWL98A04N888V"
150682,"AYYGFF86S30M223A"
150683,"AVJMVS27Z20H763L"
150684,"IGMUSX66C80A459K"
150685,"ZNDGNP59J71T638V"
150686,"LJZAEO13N20W224J"
150687,"IGMUSX66C80A459K"
150688,"OHIGNH41D64K664W"
150689,"MQOITN77R10W569M"
150690,"VLSJLZ43W81V022X"
150691,"EUFYNR16X90S631F"
150692,"EHGLZS25F40M201I"
150693,"SXELZL26N68M016F"
150694,"MUOGXW35O40R079Q"
150695,"MBIOWU23F78K866P"
150696,"ODAOBR73F09Q200J"
150697,"UKBQOD31X04K086S"
150698,"OIMLAU06U16T552F"
150699,"DPJSBJ29Z52F587B"
150700,"FEQZTT01K44U855V"
150701,"GVTHTE67W76X522E"
150702,"KWAQDB74C35Z586L"
150703,"MQOITN77R10W569M"
150704,"RSKYMP19X99L356F"
150705,"WGNCIN69D18K665W"
150706,"FEQZTT01K44U855V"
150707,"SXWOIG54G61C100S"
150708,"HHBEPI57O65K856C"
150709,"XGQUWL98A04N888V"
150710,"VBTUXJ91X58P755I"
150711,"SXQPPS30C79D088A"
150712,"XHKOVB62I60E869Q"
150713,"ENEGRD73I87H140X"
150714,"LSFPBQ10U09G931S"
150715,"EKOTEO03D79C695W"
150716,"WKNHLB74D76A966H"
150717,"DBLGDH64L13N537B"
150718,"NABPLF99T42E507S"
150719,"XUAPTR00W41V274B"
150720,"RWXAHS16Q69C607E"
150721,"XQKLOF03H62I351U"
150722,"SZZVBR22L52C335O"
150723,"GWSWCE20P38A006U"
150724,"QNNWOP03R38H444V"
150725,"GPWFZG35E01C104Y"
150726,"QDVRDB36T13B101K"
150727,"UYJRHK61I69Y043U"
150728,"BGQMOS11P86Q149K"
150729,"XCWSMO29K71N898E"
150730,"AYYGFF86S30M223A"
150731,"WTYTET78D52E919H"
150732,"RWXAHS16Q69C607E"
150733,"XUAPTR00W41V274B"
150734,"QVPIMX18Y61Y433R"
150735,"CISNIA37X86R911F"
150736,"XCWSMO29K71N898E"
150737,"PMZCJF65P13O955Y"
150738,"OZVRKR96U73F698M"
150739,"NNASML76Q64W590P"
150740,"EHGLZS25F40M201I"
150741,"THCWHR18P38J711N"
150742,"OJTTKQ18U59R405T"
150743,"BWLFES44M80C407K"
150744,"DPJSBJ29Z52F587B"
150745,"HYGYDE43Y42E709K"
150746,"GVTHTE67W76X522E"
150747,"IDNEDA42K99Z105D"
150748,"HKGSWS83V01P425N"
150749,"NZKDTB88N83Q628F"
150750,"YWMBEH67B00Q536D"
150751,"SSNTET86V60Q854J"
150752,"BTLCNU38B77A480P"
150753,"AYYGFF86S30M223A"
150754,"XKMHVJ74R79E723T"
150755,"XKMHVJ74R79E723T"
150756,"QDVRDB36T13B101K"
150757,"OZVRKR96U73F698M"
150758,"ENEGRD73I87H140X"
150759,"SBAUEH59M12P739I"
150760,"ETXKVQ18D71H299N"
150761,"RARJPS09X74W370I"
150762,"WNWRCY32P99H912J"
150763,"LZYVRC98C75I155R"
150764,"ENEGRD73I87H140X"
150765,"RTXMLP84W56D464V"
150766,"QNNWOP03R38H444V"
150767,"LPWMRY69X73W341C"
150768,"EKOTEO03D79C695W"
150769,"EZLSOV40Y29F786I"
150770,"TIXXUP92K11F878S"
150771,"RTXMLP84W56D464V"
150772,"EHNKGS82J60Q385Z"
150773,"ZPGJZH98O47C759B"
150774,"PRNQQS94T77N371B"
150775,"OQMVMT12S91T266A"
150776,"LZYZFZ86Q98M893U"
150777,"MRRQBD39M25T250G"
150778,"NFSRGR11Y03N801M"
150779,"XKMHVJ74R79E723T"
150780,"WKNHLB74D76A966H"
150781,"PXHVMC72N67J929R"
150782,"EUFYNR16X90S631F"
150783,"IGMUSX66C80A459K"
150784,"TQSUQI56J51H936A"
150785,"GKALBL56A02C139J"
150786,"RWXAHS16Q69C607E"
150787,"RWXAHS16Q69C607E"
150788,"GVTHTE67W76X522E"
150789,"NABPLF99T42E507S"
150790,"BGQMOS11P86Q149K"
150791,"OBSAYK46W87D210D"
150792,"KWAQDB74C35Z586L"
150793,"RGFIXV77C92K763N"
150794,"EZLSOV40Y29F786I"
150795,"VBTUXJ91X58P755I"
150796,"IDNEDA42K99Z105D"
150797,"ENEGRD73I87H140X"
150798,"KYMCSM73C48N347N"
150799,"WYXPHW89A87V093V"
150800,"IDNEDA42K99Z105D"
150801,"ZQIEER25Z09Q808X"
150802,"EUJURP79S37H611F"
150803,"MRFBHV75F19E331I"
150804,"EUFYNR16X90S631F"
150805,"MBIOWU23F78K866P"
150806,"KYMCSM73C48N347N"
150807,"LRGQSJ30V92V352A"
150808,"NWWLEM13X36Q264E"
150809,"OBCPNB47W37D727O"
150810,"EZLSOV40Y29F786I"
150811,"GKALBL56A02C139J"
150812,"LZYZFZ86Q98M893U"
150813,"PMZCJF65P13O955Y"
150814,"XUAPTR00W41V274B"
150815,"MBIOWU23F78K866P"
150816,"KMPGHY22U71K207Q"
150817,"QYDKBO24F43L414S"
150818,"MQRHFW38P55L584M"
150819,"HKGSWS83V01P425N"
150820,"PXHVMC72N67J929R"
150821,"YVUCJJ70V84H642L"
150822,"XCWSMO29K71N898E"
150823,"WRRDBK28N46Z291X"
150824,"QYDKBO24F43L414S"
150825,"GICCIN03P68N368D"
150826,"ATOPPV18I18V056E"
150827,"FILXNU71F40Y532I"
150828,"DTNHEY49U97A228M"
150829,"RZCUNR76K90W458Y"
150830,"ZIWMID76K98U160D"
150831,"DTNHEY49U97A228M"
150832,"ZPGJZH98O47C759B"
150833,"NWWLEM13X36Q264E"
150834,"HHATWT08D60D062Y"
150835,"OHIGNH41D64K664W"
150836,"WGNCIN69D18K665W"
150837,"RWXAHS16Q69C607E"
150838,"HVYDZC52N40G147U"
150839,"ZPGJZH98O47C759B"
150840,"MQOITN77R10W569M"
150841,"XKMHVJ74R79E723T"
150842,"XGQUWL98A04N888V"
150843,"CIZGWH45Q71V543Z"
150844,"KGWCCR64N20M371K"
150845,"RTXMLP84W56D464V"
150846,"XGQUWL98A04N888V"
150847,"OJZQXD44V55I204E"
150848,"UYJRHK61I69Y043U"
150849,"EBOLCV84Q24N774C"
150850,"LOSEGH03R19H163D"
150851,"KWAQDB74C35Z586L"
150852,"QNNWOP03R38H444V"
150853,"XHKOVB62I60E869Q"
150854,"XEVFED62P40M660T"
150855,"IDNEDA42K99Z105D"
150856,"TIXXUP92K11F878S"
150857,"WTYTET78D52E919H"
150858,"GWSWCE20P38A006U"
150859,"MBIOWU23F78K866P"
150860,"CSLOLY28G46O506M"
150861,"FILXNU71F40Y532I"
150862,"ZQIEER25Z09Q808X"
150863,"EUJURP79S37H611F"
150864,"OJTTKQ18U59R405T"
150865,"WJYBEY36T30G643B"
150866,"JHSBBG81L95Q613T"
150867,"KWAQDB74C35Z586L"
150868,"MQRHFW38P55L584M"
150869,"UMOFLD97Z40G646N"
150870,"THCWHR18P38J711N"
150871,"ZQIEER25Z09Q808X"
150872,"WRRDBK28N46Z291X"
150873,"NZKDTB88N83Q628F"
150874,"QUIUTN54N72M832J"
150875,"HHATWT08D60D062Y"
150876,"PXHVMC72N67J929R"
150877,"OJTTKQ18U59R405T"
150878,"SXQPPS30C79D088A"
150879,"ENEGRD73I87H140X"
150880,"THCWHR18P38J711N"
150881,"KGWCCR64N20M371K"
150882,"RZCUNR76K90W458Y"
150883,"ZNDGNP59J71T638V"
150884,"HZAVUY41G66L333X"
150885,"FILXNU71F40Y532I"
150886,"ZVEYQD17M26N391D"
150887,"BTLCNU38B77A480P"
150888,"XHLZXY13O72S493P"
150889,"XKMHVJ74R79E723T"
150890,"SXELZL26N68M016F"
150891,"QLFGBG14D97K963Z"
150892,"XRWMMI72M55K352Q"
150893,"LSFPBQ10U09G931S"
150894,"VLSJLZ43W81V022X"
150895,"GZEHLR76D39C543A"
150896,"VKYFKX89T44T765R"
150897,"GPWFZG35E01C104Y"
150898,"BGQMOS11P86Q149K"
150899,"ODAOBR73F09Q200J"
150900,"MQRHFW38P55L584M"
150901,"WVAVTQ14K11G229F"
150902,"HVYDZC52N40G147U"
150903,"VBTUXJ91X58P755I"
150904,"IDUATR61E69Y654E"
150905,"WRRDBK28N46Z291X"
150906,"EZLSOV40Y29F786I"
150907,"WNKCWP89Q19P287B"
150908,"WYXPHW89A87V093V"
150909,"WTYTET78D52E919H"
150910,"EKOTEO03D79C695W"
150911,"RSKYMP19X99L356F"
150912,"WKNHLB74D76A966H"
150913,"EHNKGS82J60Q385Z"
150914,"KNROCO54P56H810X"
150915,"QDVRDB36T13B101K"
150916,"JERYSF73Y93B513L"
150917,"NABPLF99T42E507S"
150918,"IKCAYP92R66W837J"
150919,"QVPIMX18Y61Y433R"
150920,"OTGPQC58Z84Z320S"
150921,"DJQLIS80B95H293O"
150922,"SZZVBR22L52C335O"
150923,"QDVRDB36T13B101K"
150924,"DZETJN50Z07U534A"
150925,"FALDMA79A02E678K"
150926,"MLEWLJ14B56G997X"
150927,"RGFIXV77C92K763N"
150928,"ATOPPV18I18V056E"
150929,"KNROCO54P56H810X"
150930,"MBIOWU23F78K866P"
150931,"WVJGKB82T57E302J"
150932,"QVPIMX18Y61Y433R"
150933,"MRFBHV75F19E331I"
150934,"DPJSBJ29Z52F587B"
150935,"EBOLCV84Q24N774C"
150936,"HHATWT08D60D062Y"
150937,"WYXPHW89A87V093V"
150938,"WVJGKB82T57E302J"
150939,"WRRDBK28N46Z291X"
150940,"KMPGHY22U71K207Q"
150941,"MRRQBD39M25T250G"
150942,"JTGHVB47L45I393J"
150943,"KMPGHY22U71K207Q"
150944,"XCWSMO29K71N898E"
150945,"PADBXY05D59J640O"
150946,"WVAVTQ14K11G229F"
150947,"WNKCWP89Q19P287B"
150948,"VAZJSE96H09D817P"
150949,"NNASML76Q64W590P"
150950,"BTLCNU38B77A480P"
150951,"VLSJLZ43W81V022X"
150952,"RSKYMP19X99L356F"
150953,"RARJPS09X74W370I"
150954,"XLIDDU69T06C416N"
150955,"ZNDGNP59J71T638V"
150956,"WTYTET78D52E919H"
150957,"SXWOIG54G61C100S"
150958,"PXHVMC72N67J929R"
150959,"CIZGWH45Q71V543Z"
150960,"QSWUSY71S05C168H"
150961,"YJDRRB60D96K164R"
150962,"MXZDCD63C48U147N"
150963,"GVTHTE67W76X522E"
150964,"KYMCSM73C48N347N"
150965,"OIMLAU06U16T552F"
150966,"WVAVTQ14K11G229F"
150967,"DTNHEY49U97A228M"
150968,"OBCPNB47W37D727O"
150969,"LJZAEO13N20W224J"
150970,"WTYTET78D52E919H"
150971,"XRWMMI72M55K352Q"
150972,"EHGLZS25F40M201I"
150973,"WVJGKB82T57E302J"
150974,"DXDGKX90W87Y932Z"
150975,"QDVRDB36T13B101K"
150976,"LKJXSC71S73H779Q"
150977,"WKNHLB74D76A966H"
150978,"UYJRHK61I69Y043U"
150979,"IGMUSX66C80A459K"
150980,"EHNKGS82J60Q385Z"
150981,"BGQMOS11P86Q149K"
150982,"WKNHLB74D76A966H"
150983,"PUFMAQ18Q60C969U"
150984,"RNCVFW69M72H227R"
150985,"RZCUNR76K90W458Y"
150986,"RNCVFW69M72H227R"
150987,"KYMCSM73C48N347N"
150988,"DBLGDH64L13N537B"
150989,"LOSEGH03R19H163D"
150990,"NUOJUU31A45U320R"
150991,"PUFMAQ18Q60C969U"
150992,"THCWHR18P38J711N"
150993,"OIMLAU06U16T552F"
150994,"MQOITN77R10W569M"
150995,"CISNIA37X86R911F"
150996,"DBLGDH64L13N537B"
150997,"EKOTEO03D79C695W"
150998,"RNCVFW69M72H227R"
150999,"ZIWMID76K98U160D"
150654,"WJYBEY36T30G643B"
150034,"RSKYMP19X99L356F"
150907,"OMASMN29R87E201T"
150383,"SBAUEH59M12P739I"
150963,"ZIWMID76K98U160D"
150611,"THCWHR18P38J711N"
150219,"CSLOLY28G46O506M"
150518,"XUAPTR00W41V274B"
150608,"QLFGBG14D97K963Z"
150985,"VKYFKX89T44T765R"
150733,"SSNTET86V60Q854J"
150581,"CISNIA37X86R911F"
150026,"MRRQBD39M25T250G"
150239,"YJDRRB60D96K164R"
150716,"BGQMOS11P86Q149K"
150741,"OHIGNH41D64K664W"
150604,"PUFMAQ18Q60C969U"
150633,"UNDOAO64D63B838T"
150371,"RNCVFW69M72H227R"
150940,"MBIOWU23F78K866P"
150511,"OJZQXD44V55I204E"
150577,"ATOPPV18I18V056E"
150259,"YJDRRB60D96K164R"
150472,"OJTTKQ18U59R405T"
150970,"GZEHLR76D39C543A"
150936,"KWAQDB74C35Z586L"
150076,"ODAOBR73F09Q200J"
150419,"QNNWOP03R38H444V"
150492,"KWAQDB74C35Z586L"
150140,"EHNKGS82J60Q385Z"
150086,"QDVRDB36T13B101K"
150727,"SXELZL26N68M016F"
150422,"QNNWOP03R38H444V"
150588,"ZVEYQD17M26N391D"
150370,"NJODBW91S86G879X"
150621,"QDVRDB36T13B101K"
150242,"AVJMVS27Z20H763L"
150454,"ZQIEER25Z09Q808X"
150047,"XKMHVJ74R79E723T"
150626,"XUAPTR00W41V274B"
150498,"ENEGRD73I87H140X"
150776,"QSWUSY71S05C168H"
150343,"IKCAYP92R66W837J"
150190,"HHATWT08D60D062Y"
150657,"FALDMA79A02E678K"
150240,"JHSBBG81L95Q613T"
150798,"MQRHFW38P55L584M"
150885,"RSKYMP19X99L356F"
150482,"EUJURP79S37H611F"
150826,"MQRHFW38P55L584M"
150476,"EHGLZS25F40M201I"
150189,"EKOTEO03D79C695W"
150469,"WVJGKB82T57E302J"
150388,"IDUATR61E69Y654E"
150500,"DZETJN50Z07U534A"
150142,"WKNHLB74D76A966H"
150479,"MUOGXW35O40R079Q"
150620,"ACFGNQ30L49C290E"
150215,"OQMVMT12S91T266A"
150696,"JERYSF73Y93B513L"
150800,"YIWLON15J07F038U"
150848,"LWHQLJ48J26E443F"
150122,"NNASML76Q64W590P"
150944,"LZYZFZ86Q98M893U"
150929,"YQZCAY08U06W201F"
150283,"LSFPBQ10U09G931S"
150982,"RZCUNR76K90W458Y"
150430,"YWMBEH67B00Q536D"
150686,"ETXKVQ18D71H299N"
150606,"UKBQOD31X04K086S"
150575,"JTGHVB47L45I393J"
150538,"LJZAEO13N20W224J"
150799,"SXELZL26N68M016F"
150546,"ENEGRD73I87H140X"
150899,"PEPAOE07O92M683Z"
150854,"BTLCNU38B77A480P"
150694,"DXDGKX90W87Y932Z"
150313,"SBAUEH59M12P739I"
150491,"XEVFED62P40M660T"
150367,"NNASML76Q64W590P"
150243,"BTLCNU38B77A480P"
150503,"KMPGHY22U71K207Q"
150853,"QUIUTN54N72M832J"
150674,"OBCPNB47W37D727O"
150502,"VAZJSE96H09D817P"
150574,"WKNHLB74D76A966H"
150145,"PEPAOE07O92M683Z"
150786,"XRWMMI72M55K352Q"
150356,"OBSAYK46W87D210D"
150821,"ZNDGNP59J71T638V"
150381,"HHBEPI57O65K856C"
150610,"MBIOWU23F78K866P"
150081,"ZPGJZH98O47C759B"
150236,"QEFFZC20W06U053I"
150197,"NFSRGR11Y03N801M"
150881,"WTYTET78D52E919H"
150996,"SBAUEH59M12P739I"
150691,"UMOFLD97Z40G646N"
150573,"DZETJN50Z07U534A"
150937,"TQSUQI56J51H936A"
150652,"YJDRRB60D96K164R"
150549,"HZAVUY41G66L333X"
150223,"EUJURP79S37H611F"
150116,"QVPIMX18Y61Y433R"
150590,"XLIDDU69T06C416N"
150690,"EHNKGS82J60Q385Z"
150605,"WGNCIN69D18K665W"
150099,"RSKYMP19X99L356F"
150927,"QDVRDB36T13B101K"
150784,"DBLGDH64L13N537B"
150527,"LOSEGH03R19H163D"
150948,"JXJDGT67V10U184X"
150192,"VBTUXJ91X58P755I"
150293,"CIZGWH45Q71V543Z"
150413,"NWWLEM13X36Q264E"
150782,"PJQKOH05A29Q376V"
150622,"UMOFLD97Z40G646N"
150027,"EZLSOV40Y29F786I"
150258,"XGQUWL98A04N888V"
150002,"XHLZXY13O72S493P"
150721,"XYHWCZ08K73F696Z"
150160,"ZVEYQD17M26N391D"
150861,"XRWMMI72M55K352Q"
150598,"IVVAMK71D96D702P"
150909,"ZNDGNP59J71T638V"
150090,"QNNWOP03R38H444V"
150775,"LOSEGH03R19H163D"
150008,"WKNHLB74D76A966H"
150132,"UMOFLD97Z40G646N"
150753,"HVYDZC52N40G147U"
150329,"DWZGPH36V95T072R"
150974,"MBIOWU23F78K866P"
150003,"UYJRHK61I69Y043U"
150213,"XUAPTR00W41V274B"
150645,"QYDKBO24F43L414S"
150966,"OJTTKQ18U59R405T"
150447,"MQRHFW38P55L584M"
150127,"MRFBHV75F19E331I"
150806,"GICCIN03P68N368D"
150338,"PADBXY05D59J640O"
150914,"ODAOBR73F09Q200J"
150975,"XYHWCZ08K73F696Z"
150304,"GICCIN03P68N368D"
150717,"ODAOBR73F09Q200J"
150418,"LKJXSC71S73H779Q"
150844,"KYMCSM73C48N347N"
150389,"QLFGBG14D97K963Z"
150481,"IGMUSX66C80A459K"
150801,"CISNIA37X86R911F"
150137,"IVVAMK71D96D702P"
150446,"OQMVMT12S91T266A"
150033,"GZEHLR76D39C543A"
150195,"CISNIA37X86R911F"
150247,"QVPIMX18Y61Y433R"
150297,"ACFGNQ30L49C290E"
150229,"HHATWT08D60D062Y"
150910,"SXELZL26N68M016F"
150765,"NFSRGR11Y03N801M"
150025,"GKALBL56A02C139J"
150206,"XRWMMI72M55K352Q"
150433,"KNROCO54P56H810X"
150441,"ZQIEER25Z09Q808X"
150689,"GICCIN03P68N368D"
150595,"HHBEPI57O65K856C"
150125,"FALDMA79A02E678K"
150624,"TQSUQI56J51H936A"
150051,"WGNCIN69D18K665W"
150315,"WYXPHW89A87V093V"
150540,"SXQPPS30C79D088A"
150398,"NUOJUU31A45U320R"
150672,"LKJXSC71S73H779Q"
150519,"PADBXY05D59J640O"
150559,"MXZDCD63C48U147N"
150920,"CSLOLY28G46O506M"
150041,"SXWOIG54G61C100S"
150630,"YJDRRB60D96K164R"
150364,"IDUATR61E69Y654E"
150521,"WTYTET78D52E919H"
150057,"GWSWCE20P38A006U"
150889,"IDNEDA42K99Z105D"
150013,"DJQLIS80B95H293O"
150947,"WNWRCY32P99H912J"
150020,"AYYGFF86S30M223A"
150062,"WTYTET78D52E919H"
150663,"OMASMN29R87E201T"
150719,"LOSEGH03R19H163D"
150818,"MQBVSE69G24X064B"
150565,"JTGHVB47L45I393J"
150564,"QDVRDB36T13B101K"
150751,"FEQZTT01K44U855V"
150141,"DQBXBH84Q87T608G"
150681,"UNDOAO64D63B838T"
150872,"DBLGDH64L13N537B"
150175,"MQOITN77R10W569M"
150934,"MQBVSE69G24X064B"
150394,"MQRHFW38P55L584M"
150154,"UNDOAO64D63B838T"
150275,"DXDGKX90W87Y932Z"
150115,"QYDKBO24F43L414S"
150094,"UYJRHK61I69Y043U"
150875,"WKNHLB74D76A966H"
150221,"RZCUNR76K90W458Y"
150384,"SXELZL26N68M016F"
150757,"QNNWOP03R38H444V"
150918,"KGWCCR64N20M371K"
150375,"WNWRCY32P99H912J"
150893,"RZCUNR76K90W458Y"
150950,"EHGLZS25F40M201I"
150316,"OQMVMT12S91T266A"
150701,"AYYGFF86S30M223A"
150352,"OZVRKR96U73F698M"
150522,"SYQFES47S49E221E"
150589,"JXJDGT67V10U184X"
150992,"LKJXSC71S73H779Q"
150464,"EKOTEO03D79C695W"
150742,"QVPIMX18Y61Y433R"
150484,"QLFGBG14D97K963Z"
150923,"JHSBBG81L95Q613T"
150171,"EBOLCV84Q24N774C"
150281,"EUJURP79S37H611F"
150623,"OBSAYK46W87D210D"
150488,"AYYGFF86S30M223A"
150451,"LWHQLJ48J26E443F"
150919,"MXZDCD63C48U147N"
150186,"NABPLF99T42E507S"
150377,"ZNDGNP59J71T638V"
150720,"WGNCIN69D18K665W"
150263,"NABPLF99T42E507S"
150372,"DJQLIS80B95H293O"
150693,"WTYTET78D52E919H"
150228,"RSKYMP19X99L356F"
150557,"BWLFES44M80C407K"
150745,"XCWSMO29K71N898E"
150369,"OJZQXD44V55I204E"
150839,"ETXKVQ18D71H299N"
150999,"LZYZFZ86Q98M893U"
150225,"HVYDZC52N40G147U"
150793,"LRGQSJ30V92V352A"
150248,"ZVEYQD17M26N391D"
150246,"TMKVSM45P14O544K"
150311,"FALDMA79A02E678K"
150059,"DBLGDH64L13N537B"
150562,"EHGLZS25F40M201I"
150647,"EHNKGS82J60Q385Z"
150480,"WNKCWP89Q19P287B"
150862,"RTXMLP84W56D464V"
150244,"XEVFED62P40M660T"
150509,"NJODBW91S86G879X"
150084,"QEFFZC20W06U053I"
150000,"PMZCJF65P13O955Y"
150990,"OQMVMT12S91T266A"
150088,"LJZAEO13N20W224J"
150165,"RTXMLP84W56D464V"
150049,"ENEGRD73I87H140X"
150425,"DPJSBJ29Z52F587B"
150168,"EKOTEO03D79C695W"
150436,"DWZGPH36V95T072R"
150969,"BWLFES44M80C407K"
150989,"XEVFED62P40M660T"
150164,"PEPAOE07O92M683Z"
150628,"KGWCCR64N20M371K"
150677,"WVAVTQ14K11G229F"
150894,"QLFGBG14D97K963Z"
150571,"IVVAMK71D96D702P"
150997,"DPJSBJ29Z52F587B"
150268,"LSFPBQ10U09G931S"
150700,"OBCPNB47W37D727O"
150285,"ZIWMID76K98U160D"
150066,"RARJPS09X74W370I"
150193,"VMLJQW32P83W006M"
150188,"IGMUSX66C80A459K"
150833,"SYQFES47S49E221E"
150902,"IDUATR61E69Y654E"
150991,"QSWUSY71S05C168H"
150504,"IVVAMK71D96D702P"
150123,"ZIWMID76K98U160D"
150302,"YQZCAY08U06W201F"
150664,"UNDOAO64D63B838T"
150415,"QEFFZC20W06U053I"
150754,"OTGPQC58Z84Z320S"
150108,"KWAQDB74C35Z586L"
150835,"EUFYNR16X90S631F"
150385,"VMLJQW32P83W006M"
150359,"WGNCIN69D18K665W"
150659,"ENEGRD73I87H140X"
150437,"NJODBW91S86G879X"
150328,"PRNQQS94T77N371B"
150738,"OMASMN29R87E201T"
150629,"XRWMMI72M55K352Q"
150777,"DPJSBJ29Z52F587B"
150791,"DQBXBH84Q87T608G"
150489,"RGFIXV77C92K763N"
150851,"OHIGNH41D64K664W"
150650,"XGQUWL98A04N888V"
150191,"OQMVMT12S91T266A"
150732,"UYJRHK61I69Y043U"
150965,"LSFPBQ10U09G931S"
150208,"LSFPBQ10U09G931S"
150183,"ZIWMID76K98U160D"
150365,"NFSRGR11Y03N801M"
150151,"JERYSF73Y93B513L"
150456,"RARJPS09X74W370I"
150211,"OJTTKQ18U59R405T"
150769,"TIXXUP92K11F878S"
150194,"TMKVSM45P14O544K"
150494,"NZKDTB88N83Q628F"
150692,"LZYZFZ86Q98M893U"
150976,"EHNKGS82J60Q385Z"
150747,"VKYFKX89T44T765R"
150906,"DJQLIS80B95H293O"
150009,"EHGLZS25F40M201I"
150253,"GZEHLR76D39C543A"
150585,"QEFFZC20W06U053I"
150536,"NUOJUU31A45U320R"
150841,"HHATWT08D60D062Y"
150077,"KWAQDB74C35Z586L"
150452,"PJQKOH05A29Q376V"
150766,"NJODBW91S86G879X"
150850,"KWAQDB74C35Z586L"
150105,"IKCAYP92R66W837J"
150284,"OMASMN29R87E201T"
150307,"OZVRKR96U73F698M"
150042,"GKALBL56A02C139J"
150499,"IDNEDA42K99Z105D"
150867,"GICCIN03P68N368D"
150530,"XCWSMO29K71N898E"
150254,"SSNTET86V60Q854J"
150358,"KMPGHY22U71K207Q"
150535,"DPJSBJ29Z52F587B"
150200,"FEQZTT01K44U855V"
150737,"XCWSMO29K71N898E"
150104,"JHSBBG81L95Q613T"
150290,"XKMHVJ74R79E723T"
150578,"DQBXBH84Q87T608G"
150859,"YIWLON15J07F038U"
150052,"VKYFKX89T44T765R"
150815,"LKJXSC71S73H779Q"
150001,"MUOGXW35O40R079Q"
150768,"GVTHTE67W76X522E"
150873,"KWAQDB74C35Z586L"
150722,"IDNEDA42K99Z105D"
150697,"XCWSMO29K71N898E"
150505,"XEVFED62P40M660T"
150166,"XKMHVJ74R79E723T"
150884,"HHATWT08D60D062Y"
150463,"MXZDCD63C48U147N"
150110,"YWMBEH67B00Q536D"
150561,"WNKCWP89Q19P287B"
150426,"MBIOWU23F78K866P"
150641,"MBIOWU23F78K866P"
150131,"DBLGDH64L13N537B"
150120,"EUFYNR16X90S631F"
150882,"QSWUSY71S05C168H"
150713,"EZLSOV40Y29F786I"
150156,"RSKYMP19X99L356F"
150353,"HHATWT08D60D062Y"
150308,"VMLJQW32P83W006M"
150180,"EUFYNR16X90S631F"
150409,"MLEWLJ14B56G997X"
150640,"WGNCIN69D18K665W"
150599,"AYYGFF86S30M223A"
150709,"WRRDBK28N46Z291X"
150292,"TMKVSM45P14O544K"
150883,"WNKCWP89Q19P287B"
150897,"GZEHLR76D39C543A"
150044,"UYJRHK61I69Y043U"
150828,"EUJURP79S37H611F"
150040,"OZVRKR96U73F698M"
150440,"THCWHR18P38J711N"
150234,"OHIGNH41D64K664W"
150746,"DBLGDH64L13N537B"
150830,"WVAVTQ14K11G229F"
150705,"YQZCAY08U06W201F"
150466,"MRRQBD39M25T250G"
150176,"DZETJN50Z07U534A"
150678,"OQMVMT12S91T266A"
150460,"XEVFED62P40M660T"
150685,"GICCIN03P68N368D"
150729,"CSLOLY28G46O506M"
150868,"LKJXSC71S73H779Q"
150900,"ACFGNQ30L49C290E"
150619,"OIMLAU06U16T552F"
150744,"KMPGHY22U71K207Q"
150477,"EHNKGS82J60Q385Z"
150203,"OJTTKQ18U59R405T"
150698,"QNNWOP03R38H444V"
150121,"XEVFED62P40M660T"
150411,"NUOJUU31A45U320R"
150655,"WTYTET78D52E919H"
150632,"GWSWCE20P38A006U"
150508,"YQZCAY08U06W201F"
150224,"ACFGNQ30L49C290E"
150932,"FILXNU71F40Y532I"
150880,"MRFBHV75F19E331I"
150067,"SXWOIG54G61C100S"
150341,"HVYDZC52N40G147U"
150548,"EZLSOV40Y29F786I"
150423,"XRWMMI72M55K352Q"
150386,"IVVAMK71D96D702P"
150703,"WTYTET78D52E919H"
150037,"IVVAMK71D96D702P"
150735,"HKGSWS83V01P425N"
150462,"PUFMAQ18Q60C969U"
150467,"QDVRDB36T13B101K"
150338,"TIXXUP92K11F878S"
150371,"CIZGWH45Q71V543Z"
150733,"WGNCIN69D18K665W"
150720,"UNDOAO64D63B838T"
150627,"XGQUWL98A04N888V"
150765,"DXDGKX90W87Y932Z"
150022,"DPJSBJ29Z52F587B"
150775,"HHATWT08D60D062Y"
150918,"YJDRRB60D96K164R"
150599,"FALDMA79A02E678K"
150810,"MBIOWU23F78K866P"
150887,"LPWMRY69X73W341C"
150455,"DBLGDH64L13N537B"
150767,"QLFGBG14D97K963Z"
150293,"MUOGXW35O40R079Q"
150898,"THCWHR18P38J711N"
150058,"XEVFED62P40M660T"
150009,"RZCUNR76K90W458Y"
150354,"WKNHLB74D76A966H"
150693,"LZYZFZ86Q98M893U"
150440,"MRFBHV75F19E331I"
150376,"QNNWOP03R38H444V"
150941,"QEFFZC20W06U053I"
150573,"RZCUNR76K90W458Y"
150823,"KWAQDB74C35Z586L"
150501,"IDUATR61E69Y654E"
150240,"MOTDTS40Z94X404B"
150956,"WGNCIN69D18K665W"
150291,"TIXXUP92K11F878S"
150500,"WJYBEY36T30G643B"
150525,"BGQMOS11P86Q149K"
150219,"UYJRHK61I69Y043U"
150557,"DWZGPH36V95T072R"
150330,"XQKLOF03H62I351U"
150206,"CISNIA37X86R911F"
150505,"MBIOWU23F78K866P"
150683,"WVAVTQ14K11G229F"
150382,"GWSWCE20P38A006U"
150858,"OHIGNH41D64K664W"
150894,"SXQPPS30C79D088A"
150795,"MQOITN77R10W569M"
150665,"DTNHEY49U97A228M"
150552,"ZIWMID76K98U160D"
150307,"DZETJN50Z07U534A"
150049,"RSKYMP19X99L356F"
150615,"FALDMA79A02E678K"
150932,"OIMLAU06U16T552F"
150221,"PADBXY05D59J640O"
150437,"WYXPHW89A87V093V"
150797,"KNROCO54P56H810X"
150988,"LOSEGH03R19H163D"
150567,"NFSRGR11Y03N801M"
150074,"DBLGDH64L13N537B"
150077,"EBOLCV84Q24N774C"
150844,"YQZCAY08U06W201F"
150670,"EUJURP79S37H611F"
150787,"LSFPBQ10U09G931S"
150006,"EKOTEO03D79C695W"
150547,"KWAQDB74C35Z586L"
150632,"DJQLIS80B95H293O"
150582,"HHBEPI57O65K856C"
150644,"RTXMLP84W56D464V"
150411,"ETXKVQ18D71H299N"
150259,"SYQFES47S49E221E"
150515,"QYDKBO24F43L414S"
150682,"KYMCSM73C48N347N"
150783,"WJYBEY36T30G643B"
150838,"GWSWCE20P38A006U"
150879,"BGQMOS11P86Q149K"
150526,"ACFGNQ30L49C290E"
150094,"TQSUQI56J51H936A"
150595,"PJQKOH05A29Q376V"
150399,"HHBEPI57O65K856C"
150146,"NWWLEM13X36Q264E"
150132,"ZIWMID76K98U160D"
150388,"QEFFZC20W06U053I"
150394,"OHIGNH41D64K664W"
150186,"PJQKOH05A29Q376V"
150562,"ZIWMID76K98U160D"
150407,"OJZQXD44V55I204E"
150715,"SYQFES47S49E221E"
150404,"DPJSBJ29Z52F587B"
150967,"LZYZFZ86Q98M893U"
150030,"ENEGRD73I87H140X"
150422,"WVAVTQ14K11G229F"
150122,"LSFPBQ10U09G931S"
150754,"UMOFLD97Z40G646N"
150648,"SYQFES47S49E221E"
150883,"EZLSOV40Y29F786I"
150387,"ATOPPV18I18V056E"
