"N_Id_Noleggio","Id_Noleggio"
700305,9e+05
700306,900001
700307,900002
700308,900003
700309,900004
700310,900005
700311,900006
700312,900007
700313,900008
700314,900009
700315,900010
700316,900011
700317,900012
700318,900013
700319,900014
700320,900015
700321,900016
700322,900017
700323,900018
700324,900019
700325,900020
700326,900021
700327,900022
700328,900023
700329,900024
700330,900025
700331,900026
700332,900027
700333,900028
700334,900029
700335,900030
700336,900031
700337,900032
700338,900033
700339,900034
700340,900035
700341,900036
700342,900037
700343,900038
700344,900039
700345,900040
700346,900041
700347,900042
700348,900043
700349,900044
700350,900045
700351,900046
700352,900047
700353,900048
700354,900049
700355,900050
700356,900051
700357,900052
700358,900053
700359,900054
700360,900055
700361,900056
700362,900057
700363,900058
700364,900059
700365,900060
700366,900061
700367,900062
700368,900063
700369,900064
700370,900065
700371,900066
700372,900067
700373,900068
700374,900069
700375,900070
700376,900071
700377,900072
700378,900073
700379,900074
700380,900075
700381,900076
700382,900077
700383,900078
700384,900079
700385,900080
700386,900081
700387,900082
700388,900083
700389,900084
700390,900085
700391,900086
700392,900087
700393,900088
700394,900089
700395,900090
700396,900091
700397,900092
700398,900093
700399,900094
700400,900095
700401,900096
700402,900097
700403,900098
700404,900099
700405,900100
700406,900101
700407,900102
700408,900103
700409,900104
700410,900105
700411,900106
700412,900107
700413,900108
700414,900109
700415,900110
700416,900111
700417,900112
700418,900113
700419,900114
700420,900115
700421,900116
700422,900117
700423,900118
700424,900119
700425,900120
700426,900121
700427,900122
700428,900123
700429,900124
700430,900125
700431,900126
700432,900127
700433,900128
700434,900129
700435,900130
700436,900131
700437,900132
700438,900133
700439,900134
700440,900135
700441,900136
700442,900137
700443,900138
700444,900139
700445,900140
700446,900141
700447,900142
700448,900143
700449,900144
700450,900145
700451,900146
700452,900147
700453,900148
700454,900149
700455,900150
700456,900151
700457,900152
700458,900153
700459,900154
700460,900155
700461,900156
700462,900157
700463,900158
700464,900159
700465,900160
700466,900161
700467,900162
700468,900163
700469,900164
700470,900165
700471,900166
700472,900167
700473,900168
700474,900169
700475,900170
700476,900171
700477,900172
700478,900173
700479,900174
700480,900175
700481,900176
700482,900177
700483,900178
700484,900179
700485,900180
700486,900181
700487,900182
700488,900183
700489,900184
700490,900185
700491,900186
700492,900187
700493,900188
700494,900189
700495,900190
700496,900191
700497,900192
700498,900193
700499,900194
700500,900195
700501,900196
700502,900197
700503,900198
700504,900199
700505,900200
700506,900201
700507,900202
700508,900203
700509,900204
700510,900205
700511,900206
700512,900207
700513,900208
700514,900209
700515,900210
700516,900211
700517,900212
700518,900213
700519,900214
700520,900215
700521,900216
700522,900217
700523,900218
700524,900219
700525,900220
700526,900221
700527,900222
700528,900223
700529,900224
700530,900225
700531,900226
700532,900227
700533,900228
700534,900229
700535,900230
700536,900231
700537,900232
700538,900233
700539,900234
700540,900235
700541,900236
700542,900237
700543,900238
700544,900239
700545,900240
700546,900241
700547,900242
700548,900243
700549,900244
700550,900245
700551,900246
700552,900247
700553,900248
700554,900249
700555,900250
700556,900251
700557,900252
700558,900253
700559,900254
700560,900255
700561,900256
700562,900257
700563,900258
700564,900259
700565,900260
700566,900261
700567,900262
700568,900263
700569,900264
700570,900265
700571,900266
700572,900267
700573,900268
700574,900269
700575,900270
700576,900271
700577,900272
700578,900273
700579,900274
700580,900275
700581,900276
700582,900277
700583,900278
700584,900279
700585,900280
700586,900281
700587,900282
700588,900283
700589,900284
700590,900285
700591,900286
700592,900287
700593,900288
700594,900289
700595,900290
700596,900291
700597,900292
700598,900293
700599,900294
700600,900295
700601,900296
700602,900297
700603,900298
700604,900299
700605,900300
700606,900301
700607,900302
700608,900303
700609,900304
700610,900305
700611,900306
700612,900307
700613,900308
700614,900309
700615,900310
700616,900311
700617,900312
700618,900313
700619,900314
700620,900315
700621,900316
700622,900317
700623,900318
700624,900319
700625,900320
700626,900321
700627,900322
700628,900323
700629,900324
700630,900325
700631,900326
700632,900327
700633,900328
700634,900329
700635,900330
700636,900331
700637,900332
700638,900333
700639,900334
700640,900335
700641,900336
700642,900337
700643,900338
700644,900339
700645,900340
700646,900341
700647,900342
700648,900343
700649,900344
700650,900345
700651,900346
700652,900347
700653,900348
700654,900349
700655,900350
700656,900351
700657,900352
700658,900353
700659,900354
700660,900355
700661,900356
700662,900357
700663,900358
700664,900359
700665,900360
700666,900361
700667,900362
700668,900363
700669,900364
700670,900365
700671,900366
700672,900367
700673,900368
700674,900369
700675,900370
700676,900371
700677,900372
700678,900373
700679,900374
700680,900375
700681,900376
700682,900377
700683,900378
700684,900379
700685,900380
700686,900381
700687,900382
700688,900383
700689,900384
700690,900385
700691,900386
700692,900387
700693,900388
700694,900389
700695,900390
700696,900391
700697,900392
700698,900393
700699,900394
700700,900395
700701,900396
700702,900397
700703,900398
700704,900399
700705,900400
700706,900401
700707,900402
700708,900403
700709,900404
700710,900405
700711,900406
700712,900407
700713,900408
700714,900409
700715,900410
700716,900411
700717,900412
700718,900413
700719,900414
700720,900415
700721,900416
700722,900417
700723,900418
700724,900419
700725,900420
700726,900421
700727,900422
700728,900423
700729,900424
700730,900425
700731,900426
700732,900427
700733,900428
700734,900429
700735,900430
700736,900431
700737,900432
700738,900433
700739,900434
700740,900435
700741,900436
700742,900437
700743,900438
700744,900439
700745,900440
700746,900441
700747,900442
700748,900443
700749,900444
700750,900445
700751,900446
700752,900447
700753,900448
700754,900449
700755,900450
700756,900451
700757,900452
700758,900453
700759,900454
700760,900455
700761,900456
700762,900457
700763,900458
700764,900459
700765,900460
700766,900461
700767,900462
700768,900463
700769,900464
700770,900465
700771,900466
700772,900467
700773,900468
700774,900469
700775,900470
700776,900471
700777,900472
700778,900473
700779,900474
700780,900475
700781,900476
700782,900477
700783,900478
700784,900479
700785,900480
700786,900481
700787,900482
700788,900483
700789,900484
700790,900485
700791,900486
700792,900487
700793,900488
700794,900489
700795,900490
700796,900491
700797,900492
700798,900493
700799,900494
700800,900495
700801,900496
700802,900497
700803,900498
700804,900499
700805,900500
700806,900501
700807,900502
700808,900503
700809,900504
700810,900505
700811,900506
700812,900507
700813,900508
700814,900509
700815,900510
700816,900511
700817,900512
700818,900513
700819,900514
700820,900515
700821,900516
700822,900517
700823,900518
700824,900519
700825,900520
700826,900521
700827,900522
700828,900523
700829,900524
700830,900525
700831,900526
700832,900527
700833,900528
700834,900529
700835,900530
700836,900531
700837,900532
700838,900533
700839,900534
700840,900535
700841,900536
700842,900537
700843,900538
700844,900539
700845,900540
700846,900541
700847,900542
700848,900543
700849,900544
700850,900545
700851,900546
700852,900547
700853,900548
700854,900549
700855,900550
700856,900551
700857,900552
700858,900553
700859,900554
700860,900555
700861,900556
700862,900557
700863,900558
700864,900559
700865,900560
700866,900561
700867,900562
700868,900563
700869,900564
700870,900565
700871,900566
700872,900567
700873,900568
700874,900569
700875,900570
700876,900571
700877,900572
700878,900573
700879,900574
700880,900575
700881,900576
700882,900577
700883,900578
700884,900579
700885,900580
700886,900581
700887,900582
700888,900583
700889,900584
700890,900585
700891,900586
700892,900587
700893,900588
700894,900589
700895,900590
700896,900591
700897,900592
700898,900593
700899,900594
700900,900595
700901,900596
700902,900597
700903,900598
700904,900599
700905,900600
700906,900601
700907,900602
700908,900603
700909,900604
700910,900605
700911,900606
700912,900607
700913,900608
700914,900609
700915,900610
700916,900611
700917,900612
700918,900613
700919,900614
700920,900615
700921,900616
700922,900617
700923,900618
700924,900619
700925,900620
700926,900621
700927,900622
700928,900623
700929,900624
700930,900625
700931,900626
700932,900627
700933,900628
700934,900629
700935,900630
700936,900631
700937,900632
700938,900633
700939,900634
700940,900635
700941,900636
700942,900637
700943,900638
700944,900639
700945,900640
700946,900641
700947,900642
700948,900643
700949,900644
700950,900645
700951,900646
700952,900647
700953,900648
700954,900649
700955,900650
700956,900651
700957,900652
700958,900653
700959,900654
700960,900655
700961,900656
700962,900657
700963,900658
700964,900659
700965,900660
700966,900661
700967,900662
700968,900663
700969,900664
700970,900665
700971,900666
700972,900667
700973,900668
700974,900669
700975,900670
700976,900671
700977,900672
700978,900673
700979,900674
700980,900675
700981,900676
700982,900677
700983,900678
700984,900679
700985,900680
700986,900681
700987,900682
700988,900683
700989,900684
700990,900685
700991,900686
700992,900687
700993,900688
700994,900689
700995,900690
700996,900691
700997,900692
700998,900693
700999,900694
701000,900695
701001,900696
701002,900697
701003,900698
701004,900699
701005,900700
701006,900701
701007,900702
701008,900703
701009,900704
701010,900705
701011,900706
701012,900707
701013,900708
701014,900709
701015,900710
701016,900711
701017,900712
701018,900713
701019,900714
701020,900715
701021,900716
701022,900717
701023,900718
701024,900719
701025,900720
701026,900721
701027,900722
701028,900723
701029,900724
701030,900725
701031,900726
701032,900727
701033,900728
701034,900729
701035,900730
701036,900731
701037,900732
701038,900733
701039,900734
701040,900735
701041,900736
701042,900737
701043,900738
701044,900739
701045,900740
701046,900741
701047,900742
701048,900743
701049,900744
701050,900745
701051,900746
701052,900747
701053,900748
701054,900749
701055,900750
701056,900751
701057,900752
701058,900753
701059,900754
701060,900755
701061,900756
701062,900757
701063,900758
701064,900759
701065,900760
701066,900761
701067,900762
701068,900763
701069,900764
701070,900765
701071,900766
701072,900767
701073,900768
701074,900769
701075,900770
701076,900771
701077,900772
701078,900773
701079,900774
701080,900775
701081,900776
701082,900777
701083,900778
701084,900779
701085,900780
701086,900781
701087,900782
701088,900783
701089,900784
701090,900785
701091,900786
701092,900787
701093,900788
701094,900789
701095,900790
701096,900791
701097,900792
701098,900793
701099,900794
701100,900795
701101,900796
701102,900797
701103,900798
701104,900799
701105,900800
701106,900801
701107,900802
701108,900803
701109,900804
701110,900805
701111,900806
701112,900807
701113,900808
701114,900809
701115,900810
701116,900811
701117,900812
701118,900813
701119,900814
701120,900815
701121,900816
701122,900817
701123,900818
701124,900819
701125,900820
701126,900821
701127,900822
701128,900823
701129,900824
701130,900825
701131,900826
701132,900827
701133,900828
701134,900829
701135,900830
701136,900831
701137,900832
701138,900833
701139,900834
701140,900835
701141,900836
701142,900837
701143,900838
701144,900839
701145,900840
701146,900841
701147,900842
701148,900843
701149,900844
701150,900845
701151,900846
701152,900847
701153,900848
701154,900849
701155,900850
701156,900851
701157,900852
701158,900853
701159,900854
701160,900855
701161,900856
701162,900857
701163,900858
701164,900859
701165,900860
701166,900861
701167,900862
701168,900863
701169,900864
701170,900865
701171,900866
701172,900867
701173,900868
701174,900869
701175,900870
701176,900871
701177,900872
701178,900873
701179,900874
701180,900875
701181,900876
701182,900877
701183,900878
701184,900879
701185,900880
701186,900881
701187,900882
701188,900883
701189,900884
701190,900885
701191,900886
701192,900887
701193,900888
701194,900889
701195,900890
701196,900891
701197,900892
701198,900893
701199,900894
701200,900895
701201,900896
701202,900897
701203,900898
701204,900899
701205,900900
701206,900901
701207,900902
701208,900903
701209,900904
701210,900905
701211,900906
701212,900907
701213,900908
701214,900909
701215,900910
701216,900911
701217,900912
701218,900913
701219,900914
701220,900915
701221,900916
701222,900917
701223,900918
701224,900919
701225,900920
701226,900921
701227,900922
701228,900923
701229,900924
701230,900925
701231,900926
701232,900927
701233,900928
701234,900929
701235,900930
701236,900931
701237,900932
701238,900933
701239,900934
701240,900935
701241,900936
701242,900937
701243,900938
701244,900939
701245,900940
701246,900941
701247,900942
701248,900943
701249,900944
701250,900945
701251,900946
701252,900947
701253,900948
701254,900949
701255,900950
701256,900951
701257,900952
701258,900953
701259,900954
701260,900955
701261,900956
701262,900957
701263,900958
701264,900959
701265,900960
701266,900961
701267,900962
701268,900963
701269,900964
701270,900965
701271,900966
701272,900967
701273,900968
701274,900969
701275,900970
701276,900971
701277,900972
701278,900973
701279,900974
701280,900975
701281,900976
701282,900977
701283,900978
701284,900979
701285,900980
701286,900981
701287,900982
701288,900983
701289,900984
701290,900985
701291,900986
701292,900987
701293,900988
701294,900989
701295,900990
701296,900991
701297,900992
701298,900993
701299,900994
701300,900995
701301,900996
701302,900997
701303,900998
701304,900999
701305,901000
701306,901001
701307,901002
701308,901003
701309,901004
701310,901005
701311,901006
701312,901007
701313,901008
701314,901009
701315,901010
701316,901011
701317,901012
701318,901013
701319,901014
701320,901015
701321,901016
701322,901017
701323,901018
701324,901019
701325,901020
701326,901021
701327,901022
701328,901023
701329,901024
701330,901025
701331,901026
701332,901027
701333,901028
701334,901029
701335,901030
701336,901031
701337,901032
701338,901033
701339,901034
701340,901035
701341,901036
701342,901037
701343,901038
701344,901039
701345,901040
701346,901041
701347,901042
701348,901043
701349,901044
701350,901045
701351,901046
701352,901047
701353,901048
701354,901049
701355,901050
701356,901051
701357,901052
701358,901053
701359,901054
701360,901055
701361,901056
701362,901057
701363,901058
701364,901059
701365,901060
701366,901061
701367,901062
701368,901063
701369,901064
701370,901065
701371,901066
701372,901067
701373,901068
701374,901069
701375,901070
701376,901071
701377,901072
701378,901073
701379,901074
701380,901075
701381,901076
701382,901077
701383,901078
701384,901079
701385,901080
701386,901081
701387,901082
701388,901083
701389,901084
701390,901085
701391,901086
701392,901087
701393,901088
701394,901089
701395,901090
701396,901091
701397,901092
701398,901093
701399,901094
701400,901095
701401,901096
701402,901097
701403,901098
701404,901099
701405,901100
701406,901101
701407,901102
701408,901103
701409,901104
701410,901105
701411,901106
701412,901107
701413,901108
701414,901109
701415,901110
701416,901111
701417,901112
701418,901113
701419,901114
701420,901115
701421,901116
701422,901117
701423,901118
701424,901119
701425,901120
701426,901121
701427,901122
701428,901123
701429,901124
701430,901125
701431,901126
701432,901127
701433,901128
701434,901129
701435,901130
701436,901131
701437,901132
701438,901133
701439,901134
701440,901135
701441,901136
701442,901137
701443,901138
701444,901139
701445,901140
701446,901141
701447,901142
701448,901143
701449,901144
701450,901145
701451,901146
701452,901147
701453,901148
701454,901149
701455,901150
701456,901151
701457,901152
701458,901153
701459,901154
701460,901155
701461,901156
701462,901157
701463,901158
701464,901159
701465,901160
701466,901161
701467,901162
701468,901163
701469,901164
701470,901165
701471,901166
701472,901167
701473,901168
701474,901169
701475,901170
701476,901171
701477,901172
701478,901173
701479,901174
701480,901175
701481,901176
701482,901177
701483,901178
701484,901179
701485,901180
701486,901181
701487,901182
701488,901183
701489,901184
701490,901185
701491,901186
701492,901187
701493,901188
701494,901189
701495,901190
701496,901191
701497,901192
701498,901193
701499,901194
701500,901195
701501,901196
701502,901197
701503,901198
701504,901199
701505,901200
701506,901201
701507,901202
701508,901203
701509,901204
701510,901205
701511,901206
701512,901207
701513,901208
701514,901209
701515,901210
701516,901211
701517,901212
701518,901213
701519,901214
701520,901215
701521,901216
701522,901217
701523,901218
701524,901219
701525,901220
701526,901221
701527,901222
701528,901223
701529,901224
701530,901225
701531,901226
701532,901227
701533,901228
701534,901229
701535,901230
701536,901231
701537,901232
701538,901233
701539,901234
701540,901235
701541,901236
701542,901237
701543,901238
701544,901239
701545,901240
701546,901241
701547,901242
701548,901243
701549,901244
701550,901245
701551,901246
701552,901247
701553,901248
701554,901249
701555,901250
701556,901251
701557,901252
701558,901253
701559,901254
701560,901255
701561,901256
701562,901257
701563,901258
701564,901259
701565,901260
701566,901261
701567,901262
701568,901263
701569,901264
701570,901265
701571,901266
701572,901267
701573,901268
701574,901269
701575,901270
701576,901271
701577,901272
701578,901273
701579,901274
701580,901275
701581,901276
701582,901277
701583,901278
701584,901279
701585,901280
701586,901281
701587,901282
701588,901283
701589,901284
701590,901285
701591,901286
701592,901287
701593,901288
701594,901289
701595,901290
701596,901291
701597,901292
701598,901293
701599,901294
701600,901295
701601,901296
701602,901297
701603,901298
701604,901299
701605,901300
701606,901301
701607,901302
701608,901303
701609,901304
701610,901305
701611,901306
701612,901307
701613,901308
701614,901309
701615,901310
701616,901311
701617,901312
701618,901313
701619,901314
701620,901315
701621,901316
701622,901317
701623,901318
701624,901319
701625,901320
701626,901321
701627,901322
701628,901323
701629,901324
701630,901325
701631,901326
701632,901327
701633,901328
701634,901329
701635,901330
701636,901331
701637,901332
701638,901333
701639,901334
701640,901335
701641,901336
701642,901337
701643,901338
701644,901339
701645,901340
701646,901341
701647,901342
701648,901343
701649,901344
701650,901345
701651,901346
701652,901347
701653,901348
701654,901349
701655,901350
701656,901351
701657,901352
701658,901353
701659,901354
701660,901355
701661,901356
701662,901357
701663,901358
701664,901359
701665,901360
701666,901361
701667,901362
701668,901363
701669,901364
701670,901365
701671,901366
701672,901367
701673,901368
701674,901369
701675,901370
701676,901371
701677,901372
701678,901373
701679,901374
701680,901375
701681,901376
701682,901377
701683,901378
701684,901379
701685,901380
701686,901381
701687,901382
701688,901383
701689,901384
701690,901385
701691,901386
701692,901387
701693,901388
701694,901389
701695,901390
701696,901391
701697,901392
701698,901393
701699,901394
701700,901395
701701,901396
701702,901397
701703,901398
701704,901399
701705,901400
701706,901401
701707,901402
701708,901403
701709,901404
701710,901405
701711,901406
701712,901407
701713,901408
701714,901409
701715,901410
701716,901411
701717,901412
701718,901413
701719,901414
701720,901415
701721,901416
701722,901417
701723,901418
701724,901419
701725,901420
701726,901421
701727,901422
701728,901423
701729,901424
701730,901425
701731,901426
701732,901427
701733,901428
701734,901429
701735,901430
701736,901431
701737,901432
701738,901433
701739,901434
701740,901435
701741,901436
701742,901437
701743,901438
701744,901439
701745,901440
701746,901441
701747,901442
701748,901443
701749,901444
701750,901445
701751,901446
701752,901447
701753,901448
701754,901449
701755,901450
701756,901451
701757,901452
701758,901453
701759,901454
701760,901455
701761,901456
701762,901457
701763,901458
701764,901459
701765,901460
701766,901461
701767,901462
701768,901463
701769,901464
701770,901465
701771,901466
701772,901467
701773,901468
701774,901469
701775,901470
701776,901471
701777,901472
701778,901473
701779,901474
701780,901475
701781,901476
701782,901477
701783,901478
701784,901479
701785,901480
701786,901481
701787,901482
701788,901483
701789,901484
701790,901485
701791,901486
701792,901487
701793,901488
701794,901489
701795,901490
701796,901491
701797,901492
701798,901493
701799,901494
701800,901495
701801,901496
701802,901497
701803,901498
701804,901499
701805,901500
701806,901501
701807,901502
701808,901503
701809,901504
701810,901505
701811,901506
701812,901507
701813,901508
701814,901509
701815,901510
701816,901511
701817,901512
701818,901513
701819,901514
701820,901515
701821,901516
701822,901517
701823,901518
701824,901519
701825,901520
701826,901521
701827,901522
701828,901523
701829,901524
701830,901525
701831,901526
701832,901527
701833,901528
701834,901529
701835,901530
701836,901531
701837,901532
701838,901533
701839,901534
701840,901535
701841,901536
701842,901537
701843,901538
701844,901539
701845,901540
701846,901541
701847,901542
701848,901543
701849,901544
701850,901545
701851,901546
701852,901547
701853,901548
701854,901549
701855,901550
701856,901551
701857,901552
701858,901553
701859,901554
701860,901555
701861,901556
701862,901557
701863,901558
701864,901559
701865,901560
701866,901561
701867,901562
701868,901563
701869,901564
701870,901565
701871,901566
701872,901567
701873,901568
701874,901569
701875,901570
701876,901571
701877,901572
701878,901573
701879,901574
701880,901575
701881,901576
701882,901577
701883,901578
701884,901579
701885,901580
701886,901581
701887,901582
701888,901583
701889,901584
701890,901585
701891,901586
701892,901587
701893,901588
701894,901589
701895,901590
701896,901591
701897,901592
701898,901593
701899,901594
701900,901595
701901,901596
701902,901597
701903,901598
701904,901599
701905,901600
701906,901601
701907,901602
701908,901603
701909,901604
701910,901605
701911,901606
701912,901607
701913,901608
701914,901609
701915,901610
701916,901611
701917,901612
701918,901613
701919,901614
701920,901615
701921,901616
701922,901617
701923,901618
701924,901619
701925,901620
701926,901621
701927,901622
701928,901623
701929,901624
701930,901625
701931,901626
701932,901627
701933,901628
701934,901629
701935,901630
701936,901631
701937,901632
701938,901633
701939,901634
701940,901635
701941,901636
701942,901637
701943,901638
701944,901639
701945,901640
701946,901641
701947,901642
701948,901643
701949,901644
701950,901645
701951,901646
701952,901647
701953,901648
701954,901649
701955,901650
701956,901651
701957,901652
701958,901653
701959,901654
701960,901655
701961,901656
701962,901657
701963,901658
701964,901659
701965,901660
701966,901661
701967,901662
701968,901663
701969,901664
701970,901665
701971,901666
701972,901667
701973,901668
701974,901669
701975,901670
701976,901671
701977,901672
701978,901673
701979,901674
701980,901675
701981,901676
701982,901677
701983,901678
701984,901679
701985,901680
701986,901681
701987,901682
701988,901683
701989,901684
701990,901685
701991,901686
701992,901687
701993,901688
701994,901689
701995,901690
701996,901691
701997,901692
701998,901693
701999,901694
702000,901695
702001,901696
702002,901697
702003,901698
702004,901699
702005,901700
702006,901701
702007,901702
702008,901703
702009,901704
702010,901705
702011,901706
702012,901707
702013,901708
702014,901709
702015,901710
702016,901711
702017,901712
702018,901713
702019,901714
702020,901715
702021,901716
702022,901717
702023,901718
702024,901719
702025,901720
702026,901721
702027,901722
702028,901723
702029,901724
