"Id_Noleggio","Data_Pagamento","Vendita"
8e+05,2024-06-07,TRUE
800001,2024-07-03,TRUE
800002,2024-06-15,TRUE
800003,2024-07-07,TRUE
800004,2023-03-08,TRUE
800005,2024-01-03,TRUE
800006,2022-06-25,TRUE
800007,2022-07-22,TRUE
800008,2024-05-28,TRUE
800009,2023-11-04,TRUE
800010,2023-09-26,TRUE
800011,2022-10-28,TRUE
800012,2023-04-28,TRUE
800013,2023-09-29,TRUE
800014,2024-01-10,TRUE
800015,2024-10-31,TRUE
800016,2022-10-20,TRUE
800017,2023-11-17,TRUE
800018,2023-12-30,TRUE
800019,2024-06-23,TRUE
800020,2023-10-27,TRUE
800021,2024-10-11,TRUE
800022,2024-08-19,TRUE
800023,2024-07-21,TRUE
800024,2024-01-09,TRUE
800025,2023-09-23,TRUE
800026,2023-12-04,TRUE
800027,2023-12-03,TRUE
800028,2024-08-16,TRUE
800029,2023-06-28,TRUE
800030,2022-09-20,TRUE
800031,2022-08-12,TRUE
800032,2022-08-28,TRUE
800033,2024-07-02,TRUE
800034,2022-07-09,TRUE
800035,2024-07-25,TRUE
800036,2022-07-26,TRUE
800037,2023-05-04,TRUE
800038,2024-05-07,TRUE
800039,2022-08-31,TRUE
800040,2022-10-25,TRUE
800041,2023-08-19,TRUE
800042,2023-05-04,TRUE
800043,2023-03-13,TRUE
800044,2023-12-19,TRUE
800045,2024-07-27,TRUE
800046,2024-05-12,TRUE
800047,2024-08-14,TRUE
800048,2024-04-08,TRUE
800049,2023-09-22,TRUE
800050,2023-08-25,TRUE
800051,2024-03-01,TRUE
800052,2024-12-02,TRUE
800053,2024-08-24,TRUE
800054,2023-03-15,TRUE
800055,2023-05-25,TRUE
800056,2024-02-11,TRUE
800057,2024-08-19,TRUE
800058,2024-11-18,TRUE
800059,2023-06-23,TRUE
800060,2022-06-06,TRUE
800061,2023-12-28,TRUE
800062,2022-07-12,TRUE
800063,2023-03-15,TRUE
800064,2024-12-11,TRUE
800065,2022-09-25,TRUE
800066,2024-06-05,TRUE
800067,2023-10-31,TRUE
800068,2022-07-29,TRUE
800069,2022-07-29,TRUE
800070,2024-01-11,TRUE
800071,2024-11-05,TRUE
800072,2023-12-20,TRUE
800073,2023-11-06,TRUE
800074,2024-04-07,TRUE
800075,2024-04-20,TRUE
800076,2023-10-05,TRUE
800077,2022-12-13,TRUE
800078,2024-02-12,TRUE
800079,2024-08-18,TRUE
800080,2023-05-26,TRUE
800081,2022-07-29,TRUE
800082,2024-06-09,TRUE
800083,2024-06-21,TRUE
800084,2024-09-10,TRUE
800085,2022-07-28,TRUE
800086,2024-10-29,TRUE
800087,2022-11-30,TRUE
800088,2024-08-21,TRUE
800089,2024-10-25,TRUE
800090,2023-12-03,TRUE
800091,2022-06-22,TRUE
800092,2023-04-02,TRUE
800093,2024-09-25,TRUE
800094,2023-12-26,TRUE
800095,2024-11-15,TRUE
800096,2023-02-26,TRUE
800097,2024-07-10,TRUE
800098,2023-02-17,TRUE
800099,2024-11-09,TRUE
800100,2023-01-03,TRUE
800101,2024-05-23,TRUE
800102,2024-05-08,TRUE
800103,2024-09-21,TRUE
800104,2022-11-24,TRUE
800105,2024-04-13,TRUE
800106,2022-09-21,TRUE
800107,2024-05-13,TRUE
800108,2024-12-14,TRUE
800109,2023-10-14,TRUE
800110,2024-08-17,TRUE
800111,2024-12-15,TRUE
800112,2023-02-04,TRUE
800113,2022-10-22,TRUE
800114,2023-12-14,TRUE
800115,2023-08-31,TRUE
800116,2024-09-07,TRUE
800117,2023-08-27,TRUE
800118,2023-08-05,TRUE
800119,2022-11-23,TRUE
800120,2023-06-06,TRUE
800121,2024-08-23,TRUE
800122,2023-04-20,TRUE
800123,2023-04-24,TRUE
800124,2024-09-13,TRUE
800125,2023-01-13,TRUE
800126,2024-09-29,TRUE
800127,2023-11-23,TRUE
800128,2024-10-17,TRUE
800129,2024-12-29,TRUE
800130,2024-08-03,TRUE
800131,2022-09-07,TRUE
800132,2022-07-30,TRUE
800133,2024-04-28,TRUE
800134,2022-09-01,TRUE
800135,2024-01-10,TRUE
800136,2023-02-16,TRUE
800137,2023-05-14,TRUE
800138,2022-10-16,TRUE
800139,2023-03-07,TRUE
800140,2022-10-27,TRUE
800141,2023-03-04,TRUE
800142,2024-06-29,TRUE
800143,2022-06-15,TRUE
800144,2024-03-10,TRUE
800145,2022-07-07,TRUE
800146,2023-03-25,TRUE
800147,2022-12-20,TRUE
800148,2023-02-21,TRUE
800149,2023-03-07,TRUE
800150,2022-11-13,TRUE
800151,2023-11-03,TRUE
800152,2023-09-25,TRUE
800153,2023-02-10,TRUE
800154,2024-01-20,TRUE
800155,2023-02-16,TRUE
800156,2022-09-05,TRUE
800157,2023-09-08,TRUE
800158,2024-10-31,TRUE
800159,2024-08-16,TRUE
800160,2023-02-04,TRUE
800161,2023-12-13,TRUE
800162,2024-05-08,TRUE
800163,2022-08-20,TRUE
800164,2023-07-09,TRUE
800165,2023-12-14,TRUE
800166,2023-06-11,TRUE
800167,2024-02-13,TRUE
800168,2024-11-18,TRUE
800169,2024-06-08,TRUE
800170,2024-08-14,TRUE
800171,2023-05-27,TRUE
800172,2024-12-31,TRUE
800173,2024-05-01,TRUE
800174,2024-06-22,TRUE
800175,2024-01-03,TRUE
800176,2023-09-11,TRUE
800177,2022-09-13,TRUE
800178,2022-08-29,TRUE
800179,2022-11-16,TRUE
800180,2022-10-19,TRUE
800181,2022-10-01,TRUE
800182,2024-04-21,TRUE
800183,2022-10-29,TRUE
800184,2023-12-23,TRUE
800185,2023-03-22,TRUE
800186,2023-06-19,TRUE
800187,2022-12-05,TRUE
800188,2022-06-21,TRUE
800189,2023-06-24,TRUE
800190,2023-11-05,TRUE
800191,2024-07-29,TRUE
800192,2024-09-21,TRUE
800193,2024-08-03,TRUE
800194,2023-10-08,TRUE
800195,2023-07-11,TRUE
800196,2024-05-26,TRUE
800197,2025-01-03,TRUE
800198,2022-09-25,TRUE
800199,2024-03-06,TRUE
800200,2022-08-03,TRUE
800201,2023-06-05,TRUE
800202,2022-12-12,TRUE
800203,2024-03-14,TRUE
800204,2024-11-08,TRUE
800205,2022-11-22,TRUE
800206,2024-02-07,TRUE
800207,2023-05-19,TRUE
800208,2023-08-04,TRUE
800209,2023-09-23,TRUE
800210,2023-05-29,TRUE
800211,2024-08-22,TRUE
800212,2025-01-11,TRUE
800213,2024-03-09,TRUE
800214,2023-03-18,TRUE
800215,2022-10-16,TRUE
800216,2022-09-30,TRUE
800217,2023-09-11,TRUE
800218,2024-01-20,TRUE
800219,2024-04-09,TRUE
800220,2022-09-17,TRUE
800221,2024-04-19,TRUE
800222,2023-10-07,TRUE
800223,2024-05-04,TRUE
800224,2024-01-16,TRUE
800225,2024-02-13,TRUE
800226,2024-06-10,TRUE
800227,2023-02-17,TRUE
800228,2022-10-25,TRUE
800229,2024-11-30,TRUE
800230,2024-06-09,TRUE
800231,2024-06-24,TRUE
800232,2023-10-23,TRUE
800233,2023-05-05,TRUE
800234,2024-08-22,TRUE
800235,2023-03-17,TRUE
800236,2022-06-30,TRUE
800237,2023-08-10,TRUE
800238,2024-04-11,TRUE
800239,2024-07-01,TRUE
800240,2023-03-18,TRUE
800241,2024-09-04,TRUE
800242,2022-08-02,TRUE
800243,2023-09-25,TRUE
800244,2023-04-05,TRUE
800245,2024-09-06,TRUE
800246,2024-09-29,TRUE
800247,2024-06-05,TRUE
800248,2023-05-17,TRUE
800249,2022-12-21,TRUE
800250,2023-09-14,TRUE
800251,2023-05-04,TRUE
800252,2024-09-21,TRUE
800253,2024-07-14,TRUE
800254,2024-06-11,TRUE
800255,2024-11-01,TRUE
800256,2024-02-20,TRUE
800257,2024-01-18,TRUE
800258,2023-08-09,TRUE
800259,2022-07-08,TRUE
800260,2024-11-17,TRUE
800261,2022-07-10,TRUE
800262,2023-06-19,TRUE
800263,2023-10-23,TRUE
800264,2023-03-06,TRUE
800265,2022-11-21,TRUE
800266,2024-10-14,TRUE
800267,2023-08-25,TRUE
800268,2022-09-20,TRUE
800269,2024-02-04,TRUE
800270,2023-07-04,TRUE
800271,2023-07-01,TRUE
800272,2023-04-23,TRUE
800273,2022-10-06,TRUE
800274,2023-11-14,TRUE
800275,2024-03-19,TRUE
800276,2024-05-11,TRUE
800277,2022-10-29,TRUE
800278,2024-07-13,TRUE
800279,2022-12-16,TRUE
800280,2023-03-09,TRUE
800281,2025-01-11,TRUE
800282,2022-12-04,TRUE
800283,2024-10-12,TRUE
800284,2022-08-04,TRUE
800285,2022-11-01,TRUE
800286,2022-11-07,TRUE
800287,2023-12-11,TRUE
800288,2024-08-09,TRUE
800289,2022-08-20,TRUE
800290,2024-11-02,TRUE
800291,2024-10-31,TRUE
800292,2024-06-26,TRUE
800293,2023-02-12,TRUE
800294,2023-09-08,TRUE
800295,2024-03-23,TRUE
800296,2023-11-28,TRUE
800297,2025-01-05,TRUE
800298,2022-11-27,TRUE
800299,2022-06-26,TRUE
800300,2024-03-22,TRUE
800301,2023-09-26,TRUE
800302,2022-07-22,TRUE
800303,2023-06-21,TRUE
800304,2023-04-21,TRUE
9e+05,2022-06-27,FALSE
900001,2022-06-15,FALSE
900002,2022-07-25,FALSE
900003,2022-07-05,FALSE
900004,2022-07-11,FALSE
900005,2022-07-30,FALSE
900006,2022-07-08,FALSE
900007,2022-05-30,FALSE
900008,2022-05-24,FALSE
900009,2022-07-04,FALSE
900010,2022-07-29,FALSE
900011,2022-07-04,FALSE
900012,2022-07-09,FALSE
900013,2022-08-05,FALSE
900014,2022-05-21,FALSE
900015,2022-07-19,FALSE
900016,2022-06-21,FALSE
900017,2022-08-01,FALSE
900018,2022-07-02,FALSE
900019,2022-05-20,FALSE
900020,2022-05-18,FALSE
900021,2022-07-10,FALSE
900022,2022-07-09,FALSE
900023,2022-05-23,FALSE
900024,2022-08-07,FALSE
900025,2022-07-01,FALSE
900026,2022-06-29,FALSE
900027,2022-07-03,FALSE
900028,2022-08-06,FALSE
900029,2022-07-07,FALSE
900030,2022-06-04,FALSE
900031,2022-06-30,FALSE
900032,2022-07-23,FALSE
900033,2022-08-09,FALSE
900034,2022-05-18,FALSE
900035,2022-07-14,FALSE
900036,2022-07-03,FALSE
900037,2022-07-04,FALSE
900038,2022-07-20,FALSE
900039,2022-06-24,FALSE
900040,2022-06-05,FALSE
900041,2022-06-08,FALSE
900042,2022-08-11,FALSE
900043,2022-08-15,FALSE
900044,2022-06-17,FALSE
900045,2022-07-16,FALSE
900046,2022-07-16,FALSE
900047,2022-05-21,FALSE
900048,2022-07-14,FALSE
900049,2022-06-11,FALSE
900050,2022-07-10,FALSE
900051,2022-06-30,FALSE
900052,2022-08-05,FALSE
900053,2022-08-07,FALSE
900054,2022-07-01,FALSE
900055,2022-07-10,FALSE
900056,2022-06-30,FALSE
900057,2022-07-20,FALSE
900058,2022-08-01,FALSE
900059,2022-08-14,FALSE
900060,2022-07-19,FALSE
900061,2022-07-05,FALSE
900062,2022-06-20,FALSE
900063,2022-07-17,FALSE
900064,2022-07-31,FALSE
900065,2022-07-08,FALSE
900066,2022-07-30,FALSE
900067,2022-06-05,FALSE
900068,2022-07-30,FALSE
900069,2022-05-21,FALSE
900070,2022-06-18,FALSE
900071,2022-08-13,FALSE
900072,2022-06-14,FALSE
900073,2022-05-29,FALSE
900074,2022-07-30,FALSE
900075,2022-07-22,FALSE
900076,2022-07-31,FALSE
900077,2022-06-21,FALSE
900078,2022-06-23,FALSE
900079,2022-07-22,FALSE
900080,2022-06-30,FALSE
900081,2022-06-20,FALSE
900082,2022-06-26,FALSE
900083,2022-05-26,FALSE
900084,2022-05-26,FALSE
900085,2022-06-22,FALSE
900086,2022-07-14,FALSE
900087,2022-06-11,FALSE
900088,2022-06-11,FALSE
900089,2022-06-28,FALSE
900090,2022-06-01,FALSE
900091,2022-06-14,FALSE
900092,2022-07-31,FALSE
900093,2022-07-05,FALSE
900094,2022-06-19,FALSE
900095,2022-06-15,FALSE
900096,2022-05-20,FALSE
900097,2022-08-14,FALSE
900098,2022-07-06,FALSE
900099,2022-07-18,FALSE
900100,2022-07-21,FALSE
900101,2022-08-14,FALSE
900102,2022-06-26,FALSE
900103,2022-06-04,FALSE
900104,2022-08-14,FALSE
900105,2022-05-28,FALSE
900106,2022-07-24,FALSE
900107,2022-06-17,FALSE
900108,2022-08-01,FALSE
900109,2022-05-17,FALSE
900110,2022-06-15,FALSE
900111,2022-08-15,FALSE
900112,2022-07-04,FALSE
900113,2022-08-15,FALSE
900114,2022-07-18,FALSE
900115,2022-07-15,FALSE
900116,2022-06-11,FALSE
900117,2022-05-30,FALSE
900118,2022-07-03,FALSE
900119,2022-07-13,FALSE
900120,2022-06-21,FALSE
900121,2022-07-02,FALSE
900122,2022-05-22,FALSE
900123,2022-08-04,FALSE
900124,2022-06-02,FALSE
900125,2022-08-05,FALSE
900126,2022-07-04,FALSE
900127,2022-07-04,FALSE
900128,2022-06-12,FALSE
900129,2022-06-19,FALSE
900130,2022-07-14,FALSE
900131,2022-06-12,FALSE
900132,2022-06-19,FALSE
900133,2022-08-01,FALSE
900134,2022-06-22,FALSE
900135,2022-05-19,FALSE
900136,2022-05-24,FALSE
900137,2022-06-24,FALSE
900138,2022-08-01,FALSE
900139,2022-07-09,FALSE
900140,2022-07-17,FALSE
900141,2022-07-01,FALSE
900142,2022-05-22,FALSE
900143,2022-05-31,FALSE
900144,2022-08-04,FALSE
900145,2022-08-08,FALSE
900146,2022-07-15,FALSE
900147,2022-07-25,FALSE
900148,2022-07-16,FALSE
900149,2022-06-07,FALSE
900150,2022-06-30,FALSE
900151,2022-07-31,FALSE
900152,2022-06-18,FALSE
900153,2022-06-12,FALSE
900154,2022-07-12,FALSE
900155,2022-08-02,FALSE
900156,2022-06-15,FALSE
900157,2022-05-28,FALSE
900158,2022-06-30,FALSE
900159,2022-06-09,FALSE
900160,2022-07-03,FALSE
900161,2022-08-17,FALSE
900162,2022-07-06,FALSE
900163,2022-07-28,FALSE
900164,2022-06-09,FALSE
900165,2022-05-31,FALSE
900166,2022-07-10,FALSE
900167,2022-06-20,FALSE
900168,2022-06-25,FALSE
900169,2022-07-16,FALSE
900170,2022-08-06,FALSE
900171,2022-08-03,FALSE
900172,2022-07-04,FALSE
900173,2022-08-11,FALSE
900174,2022-08-09,FALSE
900175,2022-06-28,FALSE
900176,2022-05-27,FALSE
900177,2022-07-05,FALSE
900178,2022-06-25,FALSE
900179,2022-06-21,FALSE
900180,2022-06-23,FALSE
900181,2022-08-04,FALSE
900182,2022-06-12,FALSE
900183,2022-07-11,FALSE
900184,2022-05-16,FALSE
900185,2022-05-21,FALSE
900186,2022-08-04,FALSE
900187,2022-06-22,FALSE
900188,2022-07-30,FALSE
900189,2022-07-05,FALSE
900190,2022-05-24,FALSE
900191,2022-06-30,FALSE
900192,2022-07-14,FALSE
900193,2022-06-26,FALSE
900194,2022-06-08,FALSE
900195,2022-05-16,FALSE
900196,2022-08-16,FALSE
900197,2022-07-23,FALSE
900198,2022-07-27,FALSE
900199,2022-05-17,FALSE
900200,2022-07-22,FALSE
900201,2022-06-05,FALSE
900202,2022-06-26,FALSE
900203,2022-07-08,FALSE
900204,2022-07-21,FALSE
900205,2022-08-09,FALSE
900206,2022-05-26,FALSE
900207,2022-06-19,FALSE
900208,2022-05-23,FALSE
900209,2022-05-18,FALSE
900210,2022-06-23,FALSE
900211,2022-07-26,FALSE
900212,2022-07-31,FALSE
900213,2022-08-15,FALSE
900214,2022-06-19,FALSE
900215,2022-07-09,FALSE
900216,2022-08-08,FALSE
900217,2022-06-06,FALSE
900218,2022-08-06,FALSE
900219,2022-06-08,FALSE
900220,2022-07-08,FALSE
900221,2022-07-12,FALSE
900222,2022-07-23,FALSE
900223,2022-07-14,FALSE
900224,2022-05-21,FALSE
900225,2022-05-26,FALSE
900226,2022-05-30,FALSE
900227,2022-05-28,FALSE
900228,2022-07-12,FALSE
900229,2022-07-23,FALSE
900230,2022-06-09,FALSE
900231,2022-07-19,FALSE
900232,2022-06-12,FALSE
900233,2022-07-25,FALSE
900234,2022-08-06,FALSE
900235,2022-05-21,FALSE
900236,2022-08-01,FALSE
900237,2022-06-29,FALSE
900238,2022-06-13,FALSE
900239,2022-07-08,FALSE
900240,2022-05-27,FALSE
900241,2022-06-20,FALSE
900242,2022-05-31,FALSE
900243,2022-06-30,FALSE
900244,2022-08-05,FALSE
900245,2022-08-05,FALSE
900246,2022-08-02,FALSE
900247,2022-07-11,FALSE
900248,2022-06-03,FALSE
900249,2022-08-15,FALSE
900250,2022-07-21,FALSE
900251,2022-06-05,FALSE
900252,2022-05-31,FALSE
900253,2022-06-21,FALSE
900254,2022-08-10,FALSE
900255,2022-05-26,FALSE
900256,2022-08-11,FALSE
900257,2022-06-07,FALSE
900258,2022-05-20,FALSE
900259,2022-05-22,FALSE
900260,2022-07-10,FALSE
900261,2022-06-27,FALSE
900262,2022-06-01,FALSE
900263,2022-07-21,FALSE
900264,2022-07-11,FALSE
900265,2022-06-19,FALSE
900266,2022-07-14,FALSE
900267,2022-07-19,FALSE
900268,2022-05-23,FALSE
900269,2022-07-31,FALSE
900270,2022-07-21,FALSE
900271,2022-08-13,FALSE
900272,2022-07-19,FALSE
900273,2022-07-28,FALSE
900274,2022-05-29,FALSE
900275,2022-08-03,FALSE
900276,2022-06-30,FALSE
900277,2022-06-11,FALSE
900278,2022-08-11,FALSE
900279,2022-06-26,FALSE
900280,2022-07-27,FALSE
900281,2022-06-16,FALSE
900282,2022-08-10,FALSE
900283,2022-08-02,FALSE
900284,2022-06-22,FALSE
900285,2022-07-26,FALSE
900286,2022-05-31,FALSE
900287,2022-06-24,FALSE
900288,2022-05-28,FALSE
900289,2022-07-10,FALSE
900290,2022-05-27,FALSE
900291,2022-05-17,FALSE
900292,2022-07-11,FALSE
900293,2022-07-30,FALSE
900294,2022-07-19,FALSE
900295,2022-07-03,FALSE
900296,2022-05-18,FALSE
900297,2022-07-10,FALSE
900298,2022-06-26,FALSE
900299,2022-07-13,FALSE
900300,2022-08-01,FALSE
900301,2022-06-16,FALSE
900302,2022-07-30,FALSE
900303,2022-05-29,FALSE
900304,2022-05-28,FALSE
900305,2022-06-27,FALSE
900306,2022-07-06,FALSE
900307,2022-07-05,FALSE
900308,2022-07-21,FALSE
900309,2022-06-06,FALSE
900310,2022-06-21,FALSE
900311,2022-06-05,FALSE
900312,2022-06-13,FALSE
900313,2022-07-03,FALSE
900314,2022-06-16,FALSE
900315,2022-06-08,FALSE
900316,2022-06-08,FALSE
900317,2022-06-09,FALSE
900318,2022-08-01,FALSE
900319,2022-07-21,FALSE
900320,2022-06-03,FALSE
900321,2022-05-16,FALSE
900322,2022-07-22,FALSE
900323,2022-07-12,FALSE
900324,2022-08-03,FALSE
900325,2022-06-11,FALSE
900326,2022-07-23,FALSE
900327,2022-05-27,FALSE
900328,2022-07-04,FALSE
900329,2022-10-19,FALSE
900330,2022-12-14,FALSE
900331,2023-01-02,FALSE
900332,2022-11-10,FALSE
900333,2022-10-24,FALSE
900334,2022-11-07,FALSE
900335,2022-10-31,FALSE
900336,2022-11-01,FALSE
900337,2023-01-03,FALSE
900338,2022-10-20,FALSE
900339,2022-11-21,FALSE
900340,2022-11-30,FALSE
900341,2022-11-14,FALSE
900342,2022-11-14,FALSE
900343,2023-01-10,FALSE
900344,2022-12-28,FALSE
900345,2023-01-14,FALSE
900346,2022-12-15,FALSE
900347,2022-11-19,FALSE
900348,2022-11-14,FALSE
900349,2022-12-05,FALSE
900350,2022-10-24,FALSE
900351,2022-12-26,FALSE
900352,2022-12-08,FALSE
900353,2022-12-24,FALSE
900354,2022-12-09,FALSE
900355,2022-10-19,FALSE
900356,2022-12-02,FALSE
900357,2022-11-07,FALSE
900358,2022-11-30,FALSE
900359,2022-12-26,FALSE
900360,2022-12-20,FALSE
900361,2022-12-01,FALSE
900362,2022-12-14,FALSE
900363,2022-12-11,FALSE
900364,2022-12-01,FALSE
900365,2022-10-25,FALSE
900366,2022-10-24,FALSE
900367,2022-12-15,FALSE
900368,2022-11-05,FALSE
900369,2023-01-02,FALSE
900370,2022-12-11,FALSE
900371,2022-12-06,FALSE
900372,2022-10-30,FALSE
900373,2022-12-08,FALSE
900374,2022-11-12,FALSE
900375,2022-11-16,FALSE
900376,2022-11-02,FALSE
900377,2022-11-22,FALSE
900378,2023-01-09,FALSE
900379,2023-01-17,FALSE
900380,2023-01-04,FALSE
900381,2022-10-25,FALSE
900382,2023-01-15,FALSE
900383,2022-11-25,FALSE
900384,2023-01-02,FALSE
900385,2022-11-27,FALSE
900386,2022-10-24,FALSE
900387,2022-11-20,FALSE
900388,2022-12-12,FALSE
900389,2022-11-23,FALSE
900390,2022-11-10,FALSE
900391,2022-11-16,FALSE
900392,2022-12-30,FALSE
900393,2023-01-05,FALSE
900394,2022-10-18,FALSE
900395,2022-11-16,FALSE
900396,2022-12-30,FALSE
900397,2022-10-18,FALSE
900398,2023-01-12,FALSE
900399,2022-12-29,FALSE
900400,2022-12-04,FALSE
900401,2022-11-23,FALSE
900402,2022-10-26,FALSE
900403,2022-10-28,FALSE
900404,2023-01-07,FALSE
900405,2022-11-10,FALSE
900406,2023-01-15,FALSE
900407,2022-12-26,FALSE
900408,2022-11-22,FALSE
900409,2022-11-26,FALSE
900410,2022-12-13,FALSE
900411,2022-12-02,FALSE
900412,2022-12-05,FALSE
900413,2022-10-29,FALSE
900414,2022-12-22,FALSE
900415,2022-11-02,FALSE
900416,2022-11-24,FALSE
900417,2022-10-25,FALSE
900418,2022-11-21,FALSE
900419,2023-01-07,FALSE
900420,2022-12-08,FALSE
900421,2022-12-10,FALSE
900422,2023-01-02,FALSE
900423,2023-01-08,FALSE
900424,2022-11-18,FALSE
900425,2022-12-10,FALSE
900426,2022-12-11,FALSE
900427,2022-12-30,FALSE
900428,2022-12-06,FALSE
900429,2023-01-11,FALSE
900430,2022-11-29,FALSE
900431,2022-11-21,FALSE
900432,2023-01-08,FALSE
900433,2023-01-14,FALSE
900434,2022-12-31,FALSE
900435,2022-12-07,FALSE
900436,2022-11-03,FALSE
900437,2022-12-03,FALSE
900438,2022-12-23,FALSE
900439,2022-12-24,FALSE
900440,2022-12-12,FALSE
900441,2022-10-26,FALSE
900442,2022-12-24,FALSE
900443,2022-11-05,FALSE
900444,2022-12-18,FALSE
900445,2022-10-17,FALSE
900446,2022-12-25,FALSE
900447,2023-01-04,FALSE
900448,2022-11-23,FALSE
900449,2023-01-10,FALSE
900450,2022-12-09,FALSE
900451,2022-11-24,FALSE
900452,2022-12-01,FALSE
900453,2022-11-21,FALSE
900454,2022-11-16,FALSE
900455,2022-12-07,FALSE
900456,2022-11-08,FALSE
900457,2022-11-22,FALSE
900458,2022-12-07,FALSE
900459,2022-12-13,FALSE
900460,2022-11-12,FALSE
900461,2022-10-30,FALSE
900462,2023-01-10,FALSE
900463,2022-11-22,FALSE
900464,2023-01-02,FALSE
900465,2022-12-21,FALSE
900466,2022-11-08,FALSE
900467,2022-11-26,FALSE
900468,2023-01-06,FALSE
900469,2022-11-22,FALSE
900470,2022-12-19,FALSE
900471,2022-12-19,FALSE
900472,2023-01-01,FALSE
900473,2022-10-31,FALSE
900474,2022-11-17,FALSE
900475,2023-01-11,FALSE
900476,2022-12-09,FALSE
900477,2022-11-17,FALSE
900478,2022-12-19,FALSE
900479,2022-12-11,FALSE
900480,2022-10-30,FALSE
900481,2023-01-09,FALSE
900482,2022-12-10,FALSE
900483,2022-12-02,FALSE
900484,2022-12-23,FALSE
900485,2022-12-12,FALSE
900486,2022-10-29,FALSE
900487,2022-10-23,FALSE
900488,2022-12-17,FALSE
900489,2022-11-29,FALSE
900490,2022-11-11,FALSE
900491,2022-11-25,FALSE
900492,2022-10-19,FALSE
900493,2022-11-12,FALSE
900494,2022-10-20,FALSE
900495,2023-01-06,FALSE
900496,2023-01-09,FALSE
900497,2022-11-11,FALSE
900498,2022-11-16,FALSE
900499,2022-12-23,FALSE
900500,2022-11-03,FALSE
900501,2023-01-09,FALSE
900502,2022-10-22,FALSE
900503,2022-12-17,FALSE
900504,2022-12-02,FALSE
900505,2022-11-23,FALSE
900506,2022-10-25,FALSE
900507,2022-12-04,FALSE
900508,2022-11-10,FALSE
900509,2022-11-23,FALSE
900510,2023-01-07,FALSE
900511,2022-11-28,FALSE
900512,2023-01-05,FALSE
900513,2022-12-19,FALSE
900514,2022-11-03,FALSE
900515,2022-12-03,FALSE
900516,2022-10-26,FALSE
900517,2023-01-01,FALSE
900518,2022-12-09,FALSE
900519,2023-01-09,FALSE
900520,2022-11-16,FALSE
900521,2022-12-24,FALSE
900522,2022-11-25,FALSE
900523,2022-11-03,FALSE
900524,2022-10-28,FALSE
900525,2022-10-29,FALSE
900526,2023-01-04,FALSE
900527,2022-12-09,FALSE
900528,2022-10-24,FALSE
900529,2022-11-15,FALSE
900530,2022-12-23,FALSE
900531,2022-11-25,FALSE
900532,2022-11-23,FALSE
900533,2022-11-15,FALSE
900534,2022-10-30,FALSE
900535,2022-11-28,FALSE
900536,2022-12-18,FALSE
900537,2022-10-20,FALSE
900538,2022-11-09,FALSE
900539,2022-10-25,FALSE
900540,2022-10-29,FALSE
900541,2022-11-15,FALSE
900542,2022-11-08,FALSE
900543,2022-10-19,FALSE
900544,2022-12-08,FALSE
900545,2022-12-16,FALSE
900546,2022-12-06,FALSE
900547,2022-12-25,FALSE
900548,2022-11-03,FALSE
900549,2023-01-02,FALSE
900550,2022-12-21,FALSE
900551,2022-11-29,FALSE
900552,2022-12-15,FALSE
900553,2022-12-05,FALSE
900554,2022-10-27,FALSE
900555,2022-12-04,FALSE
900556,2023-01-07,FALSE
900557,2022-12-05,FALSE
900558,2022-10-30,FALSE
900559,2022-12-28,FALSE
900560,2022-11-07,FALSE
900561,2022-12-08,FALSE
900562,2022-11-10,FALSE
900563,2022-10-21,FALSE
900564,2022-11-11,FALSE
900565,2022-12-04,FALSE
900566,2023-01-07,FALSE
900567,2022-12-08,FALSE
900568,2022-12-18,FALSE
900569,2022-12-15,FALSE
900570,2022-12-20,FALSE
900571,2023-01-06,FALSE
900572,2023-01-01,FALSE
900573,2022-10-30,FALSE
900574,2023-01-12,FALSE
900575,2022-12-16,FALSE
900576,2022-12-19,FALSE
900577,2023-01-13,FALSE
900578,2023-01-07,FALSE
900579,2022-12-25,FALSE
900580,2022-11-18,FALSE
900581,2022-12-31,FALSE
900582,2022-12-24,FALSE
900583,2022-11-24,FALSE
900584,2022-12-06,FALSE
900585,2022-11-11,FALSE
900586,2023-01-04,FALSE
900587,2022-11-08,FALSE
900588,2022-10-29,FALSE
900589,2023-01-09,FALSE
900590,2022-10-31,FALSE
900591,2022-10-19,FALSE
900592,2022-10-18,FALSE
900593,2023-01-03,FALSE
900594,2022-12-07,FALSE
900595,2023-01-11,FALSE
900596,2022-12-20,FALSE
900597,2022-11-29,FALSE
900598,2022-10-24,FALSE
900599,2022-12-19,FALSE
900600,2022-11-26,FALSE
900601,2022-11-22,FALSE
900602,2022-10-23,FALSE
900603,2023-01-13,FALSE
900604,2022-12-06,FALSE
900605,2023-01-04,FALSE
900606,2022-12-22,FALSE
900607,2022-11-03,FALSE
900608,2022-12-16,FALSE
900609,2023-01-11,FALSE
900610,2023-01-02,FALSE
900611,2022-10-25,FALSE
900612,2022-10-19,FALSE
900613,2022-10-18,FALSE
900614,2022-10-16,FALSE
900615,2022-12-07,FALSE
900616,2022-11-01,FALSE
900617,2022-11-27,FALSE
900618,2022-12-11,FALSE
900619,2022-11-26,FALSE
900620,2022-12-29,FALSE
900621,2023-01-11,FALSE
900622,2022-11-02,FALSE
900623,2022-11-11,FALSE
900624,2022-12-18,FALSE
900625,2022-11-27,FALSE
900626,2022-12-15,FALSE
900627,2023-01-03,FALSE
900628,2022-12-21,FALSE
900629,2022-10-29,FALSE
900630,2022-12-18,FALSE
900631,2022-11-12,FALSE
900632,2023-01-02,FALSE
900633,2022-10-23,FALSE
900634,2022-10-28,FALSE
900635,2022-11-05,FALSE
900636,2022-11-06,FALSE
900637,2022-11-05,FALSE
900638,2022-11-22,FALSE
900639,2022-11-25,FALSE
900640,2022-11-25,FALSE
900641,2022-12-30,FALSE
900642,2023-01-13,FALSE
900643,2022-11-14,FALSE
900644,2022-12-31,FALSE
900645,2022-12-30,FALSE
900646,2022-12-28,FALSE
900647,2022-11-12,FALSE
900648,2022-12-03,FALSE
900649,2022-12-03,FALSE
900650,2022-11-05,FALSE
900651,2022-10-24,FALSE
900652,2022-11-18,FALSE
900653,2022-11-06,FALSE
900654,2022-12-24,FALSE
900655,2022-11-08,FALSE
900656,2022-11-11,FALSE
900657,2023-01-01,FALSE
900658,2022-11-26,FALSE
900659,2022-12-30,FALSE
900660,2023-01-12,FALSE
900661,2023-01-06,FALSE
900662,2022-10-23,FALSE
900663,2022-11-08,FALSE
900664,2022-10-31,FALSE
900665,2023-01-08,FALSE
900666,2023-01-05,FALSE
900667,2022-11-12,FALSE
900668,2022-11-18,FALSE
900669,2023-01-05,FALSE
900670,2022-12-05,FALSE
900671,2022-12-23,FALSE
900672,2023-01-06,FALSE
900673,2022-12-11,FALSE
900674,2022-12-30,FALSE
900675,2023-01-07,FALSE
900676,2022-11-23,FALSE
900677,2022-12-24,FALSE
900678,2022-10-28,FALSE
900679,2022-12-11,FALSE
900680,2022-12-31,FALSE
900681,2022-11-14,FALSE
900682,2023-01-15,FALSE
900683,2022-10-26,FALSE
900684,2022-11-23,FALSE
900685,2023-01-16,FALSE
900686,2022-12-19,FALSE
900687,2022-10-26,FALSE
900688,2022-12-09,FALSE
900689,2022-12-31,FALSE
900690,2022-12-02,FALSE
900691,2022-11-20,FALSE
900692,2022-12-24,FALSE
900693,2022-12-25,FALSE
900694,2022-10-28,FALSE
900695,2022-10-25,FALSE
900696,2022-12-18,FALSE
900697,2022-12-26,FALSE
900698,2022-12-20,FALSE
900699,2022-12-05,FALSE
900700,2022-10-20,FALSE
900701,2022-11-24,FALSE
900702,2022-11-07,FALSE
900703,2023-01-06,FALSE
900704,2023-01-03,FALSE
900705,2022-11-10,FALSE
900706,2022-12-15,FALSE
900707,2022-12-23,FALSE
900708,2022-10-29,FALSE
900709,2023-01-11,FALSE
900710,2022-11-26,FALSE
900711,2022-12-19,FALSE
900712,2022-11-22,FALSE
900713,2022-12-24,FALSE
900714,2022-12-24,FALSE
900715,2022-10-17,FALSE
900716,2022-10-16,FALSE
900717,2023-01-07,FALSE
900718,2022-11-16,FALSE
900719,2022-10-27,FALSE
900720,2023-01-12,FALSE
900721,2022-12-07,FALSE
900722,2022-11-27,FALSE
900723,2022-12-01,FALSE
900724,2022-12-14,FALSE
900725,2023-01-05,FALSE
900726,2022-11-02,FALSE
900727,2022-12-12,FALSE
900728,2022-12-24,FALSE
900729,2022-11-25,FALSE
900730,2022-11-09,FALSE
900731,2022-11-03,FALSE
900732,2022-11-16,FALSE
900733,2022-11-29,FALSE
900734,2022-10-24,FALSE
900735,2022-11-01,FALSE
900736,2022-12-19,FALSE
900737,2022-12-25,FALSE
900738,2022-10-16,FALSE
900739,2022-11-27,FALSE
900740,2022-11-30,FALSE
900741,2022-10-24,FALSE
900742,2022-12-01,FALSE
900743,2022-11-06,FALSE
900744,2022-11-23,FALSE
900745,2022-11-09,FALSE
900746,2022-11-30,FALSE
900747,2022-12-15,FALSE
900748,2022-10-28,FALSE
900749,2022-12-15,FALSE
900750,2022-11-02,FALSE
900751,2022-12-17,FALSE
900752,2022-10-29,FALSE
900753,2022-11-06,FALSE
900754,2022-10-26,FALSE
900755,2022-11-20,FALSE
900756,2022-10-26,FALSE
900757,2023-01-09,FALSE
900758,2022-12-27,FALSE
900759,2022-10-19,FALSE
900760,2022-11-28,FALSE
900761,2022-11-25,FALSE
900762,2022-11-04,FALSE
900763,2022-11-21,FALSE
900764,2022-10-24,FALSE
900765,2022-10-25,FALSE
900766,2022-12-20,FALSE
900767,2022-10-26,FALSE
900768,2022-12-20,FALSE
900769,2022-11-17,FALSE
900770,2022-11-22,FALSE
900771,2022-11-16,FALSE
900772,2022-10-26,FALSE
900773,2023-01-08,FALSE
900774,2022-12-19,FALSE
900775,2022-11-22,FALSE
900776,2023-01-07,FALSE
900777,2023-01-14,FALSE
900778,2022-10-20,FALSE
900779,2023-01-05,FALSE
900780,2022-12-10,FALSE
900781,2022-11-28,FALSE
900782,2022-12-05,FALSE
900783,2022-12-08,FALSE
900784,2022-10-18,FALSE
900785,2022-11-17,FALSE
900786,2022-11-04,FALSE
900787,2022-11-18,FALSE
900788,2022-10-18,FALSE
900789,2022-12-25,FALSE
900790,2022-12-24,FALSE
900791,2023-01-03,FALSE
900792,2022-12-19,FALSE
900793,2022-12-06,FALSE
900794,2022-12-03,FALSE
900795,2022-11-27,FALSE
900796,2022-10-20,FALSE
900797,2022-12-30,FALSE
900798,2022-12-03,FALSE
900799,2022-12-27,FALSE
900800,2022-11-03,FALSE
900801,2022-11-17,FALSE
900802,2022-12-13,FALSE
900803,2022-11-25,FALSE
900804,2022-10-19,FALSE
900805,2022-12-05,FALSE
900806,2022-12-14,FALSE
900807,2022-11-13,FALSE
900808,2022-11-14,FALSE
900809,2022-10-31,FALSE
900810,2022-12-22,FALSE
900811,2022-12-18,FALSE
900812,2023-01-04,FALSE
900813,2023-01-10,FALSE
900814,2022-11-18,FALSE
900815,2022-12-03,FALSE
900816,2023-01-07,FALSE
900817,2022-10-22,FALSE
900818,2022-12-23,FALSE
900819,2023-01-13,FALSE
900820,2022-12-20,FALSE
900821,2023-01-09,FALSE
900822,2022-10-19,FALSE
900823,2022-11-14,FALSE
900824,2022-12-02,FALSE
900825,2022-12-17,FALSE
900826,2022-10-18,FALSE
900827,2022-11-25,FALSE
900828,2023-01-03,FALSE
900829,2023-01-06,FALSE
900830,2023-01-11,FALSE
900831,2022-10-31,FALSE
900832,2022-12-10,FALSE
900833,2023-01-04,FALSE
900834,2022-10-21,FALSE
900835,2022-11-15,FALSE
900836,2022-11-03,FALSE
900837,2023-01-11,FALSE
900838,2023-01-14,FALSE
900839,2023-01-04,FALSE
900840,2022-12-24,FALSE
900841,2022-11-16,FALSE
900842,2022-11-26,FALSE
900843,2022-11-05,FALSE
900844,2022-10-25,FALSE
900845,2022-10-19,FALSE
900846,2022-12-27,FALSE
900847,2022-12-11,FALSE
900848,2022-12-11,FALSE
900849,2022-12-07,FALSE
900850,2022-11-03,FALSE
900851,2022-11-21,FALSE
900852,2022-12-06,FALSE
900853,2023-07-16,FALSE
900854,2023-08-14,FALSE
900855,2023-04-21,FALSE
900856,2023-08-18,FALSE
900857,2023-05-26,FALSE
900858,2023-07-08,FALSE
900859,2023-09-04,FALSE
900860,2023-06-12,FALSE
900861,2023-05-27,FALSE
900862,2023-07-09,FALSE
900863,2023-08-09,FALSE
900864,2023-07-10,FALSE
900865,2023-09-13,FALSE
900866,2023-05-14,FALSE
900867,2023-08-30,FALSE
900868,2023-08-14,FALSE
900869,2023-08-24,FALSE
900870,2023-07-20,FALSE
900871,2023-08-15,FALSE
900872,2023-04-30,FALSE
900873,2023-08-13,FALSE
900874,2023-08-09,FALSE
900875,2023-07-25,FALSE
900876,2023-07-08,FALSE
900877,2023-05-31,FALSE
900878,2023-10-08,FALSE
900879,2023-08-31,FALSE
900880,2023-04-23,FALSE
900881,2023-08-11,FALSE
900882,2023-09-15,FALSE
900883,2023-06-29,FALSE
900884,2023-05-05,FALSE
900885,2023-05-04,FALSE
900886,2023-10-05,FALSE
900887,2023-09-11,FALSE
900888,2023-08-26,FALSE
900889,2023-05-01,FALSE
900890,2023-06-20,FALSE
900891,2023-07-22,FALSE
900892,2023-08-27,FALSE
900893,2023-08-06,FALSE
900894,2023-05-27,FALSE
900895,2023-10-07,FALSE
900896,2023-06-02,FALSE
900897,2023-06-07,FALSE
900898,2023-09-18,FALSE
900899,2023-07-06,FALSE
900900,2023-07-23,FALSE
900901,2023-05-09,FALSE
900902,2023-04-23,FALSE
900903,2023-08-13,FALSE
900904,2023-09-08,FALSE
900905,2023-06-29,FALSE
900906,2023-09-29,FALSE
900907,2023-07-06,FALSE
900908,2023-06-03,FALSE
900909,2023-07-16,FALSE
900910,2023-06-29,FALSE
900911,2023-05-19,FALSE
900912,2023-06-11,FALSE
900913,2023-06-22,FALSE
900914,2023-04-27,FALSE
900915,2023-08-17,FALSE
900916,2023-05-16,FALSE
900917,2023-08-30,FALSE
900918,2023-04-22,FALSE
900919,2023-05-10,FALSE
900920,2023-10-12,FALSE
900921,2023-09-16,FALSE
900922,2023-09-30,FALSE
900923,2023-09-16,FALSE
900924,2023-08-11,FALSE
900925,2023-04-17,FALSE
900926,2023-06-01,FALSE
900927,2023-10-12,FALSE
900928,2023-10-10,FALSE
900929,2023-04-22,FALSE
900930,2023-08-11,FALSE
900931,2023-07-09,FALSE
900932,2023-06-15,FALSE
900933,2023-06-08,FALSE
900934,2023-07-07,FALSE
900935,2023-10-05,FALSE
900936,2023-05-30,FALSE
900937,2023-07-13,FALSE
900938,2023-05-02,FALSE
900939,2023-09-05,FALSE
900940,2023-08-08,FALSE
900941,2023-05-05,FALSE
900942,2023-09-21,FALSE
900943,2023-06-10,FALSE
900944,2023-04-21,FALSE
900945,2023-05-27,FALSE
900946,2023-07-15,FALSE
900947,2023-09-09,FALSE
900948,2023-10-15,FALSE
900949,2023-05-11,FALSE
900950,2023-10-05,FALSE
900951,2023-04-29,FALSE
900952,2023-09-05,FALSE
900953,2023-09-09,FALSE
900954,2023-10-01,FALSE
900955,2023-06-18,FALSE
900956,2023-10-14,FALSE
900957,2023-08-24,FALSE
900958,2023-08-15,FALSE
900959,2023-07-04,FALSE
900960,2023-04-24,FALSE
900961,2023-07-06,FALSE
900962,2023-05-01,FALSE
900963,2023-07-25,FALSE
900964,2023-05-11,FALSE
900965,2023-08-14,FALSE
900966,2023-04-21,FALSE
900967,2023-10-01,FALSE
900968,2023-08-13,FALSE
900969,2023-08-31,FALSE
900970,2023-10-01,FALSE
900971,2023-05-11,FALSE
900972,2023-06-04,FALSE
900973,2023-05-16,FALSE
900974,2023-09-26,FALSE
900975,2023-09-24,FALSE
900976,2023-09-30,FALSE
900977,2023-05-16,FALSE
900978,2023-07-04,FALSE
900979,2023-09-13,FALSE
900980,2023-04-29,FALSE
900981,2023-09-21,FALSE
900982,2023-05-07,FALSE
900983,2023-05-09,FALSE
900984,2023-07-15,FALSE
900985,2023-07-13,FALSE
900986,2023-05-20,FALSE
900987,2023-10-02,FALSE
900988,2023-04-18,FALSE
900989,2023-05-14,FALSE
900990,2023-07-10,FALSE
900991,2023-08-23,FALSE
900992,2023-06-21,FALSE
900993,2023-06-23,FALSE
900994,2023-05-29,FALSE
900995,2023-06-08,FALSE
900996,2023-06-12,FALSE
900997,2023-06-10,FALSE
900998,2023-06-16,FALSE
900999,2023-07-03,FALSE
901000,2023-10-02,FALSE
901001,2023-09-27,FALSE
901002,2023-05-18,FALSE
901003,2023-04-28,FALSE
901004,2023-08-20,FALSE
901005,2023-09-01,FALSE
901006,2023-07-31,FALSE
901007,2023-07-20,FALSE
901008,2023-05-28,FALSE
901009,2023-07-13,FALSE
901010,2023-04-21,FALSE
901011,2023-08-02,FALSE
901012,2023-06-26,FALSE
901013,2023-07-01,FALSE
901014,2023-07-26,FALSE
901015,2023-07-18,FALSE
901016,2023-07-10,FALSE
901017,2023-10-07,FALSE
901018,2023-07-07,FALSE
901019,2023-10-12,FALSE
901020,2023-08-12,FALSE
901021,2023-08-25,FALSE
901022,2023-09-02,FALSE
901023,2023-06-21,FALSE
901024,2023-10-04,FALSE
901025,2023-08-10,FALSE
901026,2023-06-22,FALSE
901027,2023-07-16,FALSE
901028,2023-09-20,FALSE
901029,2023-05-19,FALSE
901030,2023-08-31,FALSE
901031,2023-09-21,FALSE
901032,2023-07-04,FALSE
901033,2023-09-05,FALSE
901034,2023-07-26,FALSE
901035,2023-10-17,FALSE
901036,2023-06-23,FALSE
901037,2023-05-02,FALSE
901038,2023-06-17,FALSE
901039,2023-07-14,FALSE
901040,2023-09-16,FALSE
901041,2023-07-13,FALSE
901042,2023-06-04,FALSE
901043,2023-06-12,FALSE
901044,2023-09-13,FALSE
901045,2023-06-03,FALSE
901046,2023-05-24,FALSE
901047,2023-09-15,FALSE
901048,2023-09-01,FALSE
901049,2023-04-17,FALSE
901050,2023-08-27,FALSE
901051,2023-08-29,FALSE
901052,2023-08-19,FALSE
901053,2023-08-14,FALSE
901054,2023-08-24,FALSE
901055,2023-09-20,FALSE
901056,2023-08-11,FALSE
901057,2023-10-15,FALSE
901058,2023-09-24,FALSE
901059,2023-05-11,FALSE
901060,2023-07-28,FALSE
901061,2023-07-08,FALSE
901062,2023-10-11,FALSE
901063,2023-06-25,FALSE
901064,2023-08-13,FALSE
901065,2023-07-21,FALSE
901066,2023-06-11,FALSE
901067,2023-07-25,FALSE
901068,2023-05-02,FALSE
901069,2023-06-02,FALSE
901070,2023-06-10,FALSE
901071,2023-06-12,FALSE
901072,2023-05-19,FALSE
901073,2023-08-27,FALSE
901074,2023-04-19,FALSE
901075,2023-08-04,FALSE
901076,2023-08-06,FALSE
901077,2023-06-04,FALSE
901078,2023-05-02,FALSE
901079,2023-05-01,FALSE
901080,2023-09-18,FALSE
901081,2023-09-18,FALSE
901082,2023-10-08,FALSE
901083,2023-09-21,FALSE
901084,2023-07-21,FALSE
901085,2023-09-11,FALSE
901086,2023-06-23,FALSE
901087,2023-05-31,FALSE
901088,2023-06-27,FALSE
901089,2023-06-06,FALSE
901090,2023-08-18,FALSE
901091,2023-07-21,FALSE
901092,2023-04-17,FALSE
901093,2023-10-03,FALSE
901094,2023-10-07,FALSE
901095,2023-06-06,FALSE
901096,2023-06-02,FALSE
901097,2023-08-22,FALSE
901098,2023-05-02,FALSE
901099,2023-06-29,FALSE
901100,2023-06-05,FALSE
901101,2023-05-08,FALSE
901102,2023-06-04,FALSE
901103,2023-09-04,FALSE
901104,2023-08-13,FALSE
901105,2023-05-17,FALSE
901106,2023-07-27,FALSE
901107,2023-10-03,FALSE
901108,2023-06-25,FALSE
901109,2023-08-15,FALSE
901110,2023-07-24,FALSE
901111,2023-05-26,FALSE
901112,2023-09-28,FALSE
901113,2023-09-22,FALSE
901114,2023-06-16,FALSE
901115,2023-09-27,FALSE
901116,2023-05-24,FALSE
901117,2023-08-19,FALSE
901118,2023-06-07,FALSE
901119,2023-06-19,FALSE
901120,2023-09-06,FALSE
901121,2023-08-09,FALSE
901122,2023-06-17,FALSE
901123,2023-10-14,FALSE
901124,2023-07-09,FALSE
901125,2023-06-15,FALSE
901126,2023-09-01,FALSE
901127,2023-08-04,FALSE
901128,2023-07-04,FALSE
901129,2023-09-03,FALSE
901130,2023-05-23,FALSE
901131,2023-08-23,FALSE
901132,2023-06-29,FALSE
901133,2023-05-26,FALSE
901134,2023-05-25,FALSE
901135,2023-07-12,FALSE
901136,2023-05-18,FALSE
901137,2023-10-06,FALSE
901138,2023-07-21,FALSE
901139,2023-10-10,FALSE
901140,2023-10-13,FALSE
901141,2023-08-23,FALSE
901142,2023-05-24,FALSE
901143,2023-05-30,FALSE
901144,2023-06-14,FALSE
901145,2023-06-10,FALSE
901146,2023-08-08,FALSE
901147,2023-07-04,FALSE
901148,2023-09-02,FALSE
901149,2023-07-06,FALSE
901150,2023-06-25,FALSE
901151,2023-10-08,FALSE
901152,2023-09-01,FALSE
901153,2023-10-13,FALSE
901154,2023-07-09,FALSE
901155,2023-08-02,FALSE
901156,2023-07-19,FALSE
901157,2023-05-22,FALSE
901158,2023-05-17,FALSE
901159,2023-09-10,FALSE
901160,2023-08-25,FALSE
901161,2023-08-13,FALSE
901162,2023-04-20,FALSE
901163,2023-10-07,FALSE
901164,2023-05-22,FALSE
901165,2023-07-10,FALSE
901166,2023-10-07,FALSE
901167,2023-06-18,FALSE
901168,2023-06-26,FALSE
901169,2023-09-26,FALSE
901170,2023-08-25,FALSE
901171,2023-04-21,FALSE
901172,2023-08-11,FALSE
901173,2023-06-27,FALSE
901174,2023-08-04,FALSE
901175,2023-07-31,FALSE
901176,2023-08-23,FALSE
901177,2023-05-09,FALSE
901178,2023-06-09,FALSE
901179,2023-08-24,FALSE
901180,2023-09-10,FALSE
901181,2023-07-05,FALSE
901182,2023-06-22,FALSE
901183,2023-04-22,FALSE
901184,2023-05-02,FALSE
901185,2023-06-30,FALSE
901186,2023-08-06,FALSE
901187,2023-09-03,FALSE
901188,2023-09-02,FALSE
901189,2023-05-16,FALSE
901190,2023-07-30,FALSE
901191,2023-05-30,FALSE
901192,2023-08-25,FALSE
901193,2023-08-01,FALSE
901194,2023-08-17,FALSE
901195,2023-10-15,FALSE
901196,2023-06-10,FALSE
901197,2023-04-19,FALSE
901198,2023-05-15,FALSE
901199,2023-08-26,FALSE
901200,2023-09-03,FALSE
901201,2023-06-23,FALSE
901202,2023-06-10,FALSE
901203,2023-10-08,FALSE
901204,2023-07-23,FALSE
901205,2023-06-22,FALSE
901206,2023-05-20,FALSE
901207,2023-07-06,FALSE
901208,2023-07-06,FALSE
901209,2023-04-28,FALSE
901210,2023-06-08,FALSE
901211,2023-09-17,FALSE
901212,2023-10-05,FALSE
901213,2023-07-16,FALSE
901214,2023-06-04,FALSE
901215,2023-07-21,FALSE
901216,2023-06-20,FALSE
901217,2023-05-11,FALSE
901218,2023-05-09,FALSE
901219,2023-08-15,FALSE
901220,2023-04-24,FALSE
901221,2023-05-02,FALSE
901222,2023-07-20,FALSE
901223,2023-10-05,FALSE
901224,2023-04-24,FALSE
901225,2023-07-29,FALSE
901226,2023-04-23,FALSE
901227,2023-06-04,FALSE
901228,2023-06-09,FALSE
901229,2023-07-19,FALSE
901230,2023-07-01,FALSE
901231,2023-06-02,FALSE
901232,2023-08-14,FALSE
901233,2023-09-13,FALSE
901234,2023-06-02,FALSE
901235,2023-08-05,FALSE
901236,2023-09-19,FALSE
901237,2023-08-30,FALSE
901238,2023-07-08,FALSE
901239,2023-05-27,FALSE
901240,2023-10-14,FALSE
901241,2023-06-11,FALSE
901242,2023-05-03,FALSE
901243,2023-04-22,FALSE
901244,2023-08-11,FALSE
901245,2023-08-19,FALSE
901246,2023-05-01,FALSE
901247,2023-06-14,FALSE
901248,2023-10-15,FALSE
901249,2023-10-01,FALSE
901250,2023-09-29,FALSE
901251,2023-08-18,FALSE
901252,2023-09-23,FALSE
901253,2023-08-01,FALSE
901254,2023-05-17,FALSE
901255,2023-09-02,FALSE
901256,2023-06-29,FALSE
901257,2023-07-14,FALSE
901258,2023-09-16,FALSE
901259,2023-07-08,FALSE
901260,2023-09-06,FALSE
901261,2023-05-28,FALSE
901262,2023-08-08,FALSE
901263,2023-08-06,FALSE
901264,2023-06-23,FALSE
901265,2023-09-14,FALSE
901266,2023-08-13,FALSE
901267,2023-10-01,FALSE
901268,2023-05-01,FALSE
901269,2023-07-14,FALSE
901270,2023-08-23,FALSE
901271,2023-04-28,FALSE
901272,2023-08-03,FALSE
901273,2023-08-18,FALSE
901274,2023-08-10,FALSE
901275,2023-04-28,FALSE
901276,2023-08-02,FALSE
901277,2023-09-10,FALSE
901278,2023-08-20,FALSE
901279,2023-06-04,FALSE
901280,2023-05-19,FALSE
901281,2023-05-11,FALSE
901282,2023-08-01,FALSE
901283,2023-05-16,FALSE
901284,2023-05-30,FALSE
901285,2023-07-13,FALSE
901286,2023-05-21,FALSE
901287,2023-04-23,FALSE
901288,2023-07-28,FALSE
901289,2023-09-28,FALSE
901290,2023-09-09,FALSE
901291,2023-09-13,FALSE
901292,2023-08-14,FALSE
901293,2023-04-21,FALSE
901294,2023-06-06,FALSE
901295,2023-10-11,FALSE
901296,2023-10-07,FALSE
901297,2023-08-03,FALSE
901298,2023-06-14,FALSE
901299,2023-07-14,FALSE
901300,2023-07-28,FALSE
901301,2023-08-22,FALSE
901302,2023-08-05,FALSE
901303,2023-10-08,FALSE
901304,2023-05-25,FALSE
901305,2023-10-13,FALSE
901306,2023-09-08,FALSE
901307,2023-05-24,FALSE
901308,2023-08-27,FALSE
901309,2023-07-01,FALSE
901310,2023-10-06,FALSE
901311,2023-08-21,FALSE
901312,2023-07-21,FALSE
901313,2023-08-17,FALSE
901314,2023-05-19,FALSE
901315,2023-05-22,FALSE
901316,2023-05-13,FALSE
901317,2023-09-22,FALSE
901318,2023-09-20,FALSE
901319,2023-04-29,FALSE
901320,2023-07-28,FALSE
901321,2023-05-27,FALSE
901322,2023-06-29,FALSE
901323,2023-08-31,FALSE
901324,2023-05-07,FALSE
901325,2023-07-15,FALSE
901326,2023-09-19,FALSE
901327,2023-06-21,FALSE
901328,2023-06-07,FALSE
901329,2023-10-07,FALSE
901330,2023-08-18,FALSE
901331,2023-07-07,FALSE
901332,2023-09-23,FALSE
901333,2023-04-30,FALSE
901334,2023-07-07,FALSE
901335,2023-07-05,FALSE
901336,2023-05-06,FALSE
901337,2023-10-06,FALSE
901338,2023-07-01,FALSE
901339,2023-06-28,FALSE
901340,2023-07-31,FALSE
901341,2023-06-30,FALSE
901342,2023-07-01,FALSE
901343,2023-08-25,FALSE
901344,2023-09-09,FALSE
901345,2023-09-20,FALSE
901346,2023-09-27,FALSE
901347,2023-05-22,FALSE
901348,2023-05-20,FALSE
901349,2023-07-25,FALSE
901350,2023-08-12,FALSE
901351,2023-06-17,FALSE
901352,2023-06-10,FALSE
901353,2023-05-09,FALSE
901354,2023-07-15,FALSE
901355,2023-07-26,FALSE
901356,2023-08-03,FALSE
901357,2023-06-28,FALSE
901358,2023-05-28,FALSE
901359,2023-07-01,FALSE
901360,2023-04-21,FALSE
901361,2023-05-25,FALSE
901362,2023-04-27,FALSE
901363,2023-06-08,FALSE
901364,2023-07-03,FALSE
901365,2023-07-30,FALSE
901366,2023-05-31,FALSE
901367,2023-07-09,FALSE
901368,2023-08-30,FALSE
901369,2023-04-22,FALSE
901370,2023-09-13,FALSE
901371,2023-05-15,FALSE
901372,2023-06-20,FALSE
901373,2023-06-27,FALSE
901374,2023-06-28,FALSE
901375,2023-08-12,FALSE
901376,2023-06-01,FALSE
901377,2024-09-21,FALSE
901378,2024-08-29,FALSE
901379,2024-11-24,FALSE
901380,2024-12-10,FALSE
901381,2024-04-22,FALSE
901382,2024-07-28,FALSE
901383,2024-09-15,FALSE
901384,2024-12-26,FALSE
901385,2024-06-14,FALSE
901386,2024-07-23,FALSE
901387,2024-10-29,FALSE
901388,2024-10-29,FALSE
901389,2024-06-12,FALSE
901390,2024-08-01,FALSE
901391,2024-08-08,FALSE
901392,2024-07-30,FALSE
901393,2024-10-26,FALSE
901394,2024-07-11,FALSE
901395,2024-12-12,FALSE
901396,2024-06-21,FALSE
901397,2024-10-08,FALSE
901398,2024-09-06,FALSE
901399,2024-09-14,FALSE
901400,2024-04-24,FALSE
901401,2024-10-30,FALSE
901402,2024-07-22,FALSE
901403,2024-09-15,FALSE
901404,2024-06-28,FALSE
901405,2024-06-21,FALSE
901406,2024-10-10,FALSE
901407,2024-08-22,FALSE
901408,2024-06-18,FALSE
901409,2024-10-11,FALSE
901410,2024-08-28,FALSE
901411,2024-08-12,FALSE
901412,2024-11-16,FALSE
901413,2024-07-14,FALSE
901414,2024-09-19,FALSE
901415,2024-06-07,FALSE
901416,2024-06-21,FALSE
901417,2024-05-22,FALSE
901418,2024-05-06,FALSE
901419,2024-12-05,FALSE
901420,2024-08-30,FALSE
901421,2024-08-02,FALSE
901422,2024-04-30,FALSE
901423,2024-09-30,FALSE
901424,2024-07-15,FALSE
901425,2024-11-17,FALSE
901426,2024-05-25,FALSE
901427,2024-12-25,FALSE
901428,2024-06-18,FALSE
901429,2024-09-20,FALSE
901430,2024-07-23,FALSE
901431,2024-10-21,FALSE
901432,2024-12-28,FALSE
901433,2024-07-04,FALSE
901434,2024-12-13,FALSE
901435,2024-09-25,FALSE
901436,2024-12-03,FALSE
901437,2024-05-17,FALSE
901438,2024-08-04,FALSE
901439,2024-09-28,FALSE
901440,2024-10-18,FALSE
901441,2024-10-07,FALSE
901442,2024-11-02,FALSE
901443,2024-07-16,FALSE
901444,2024-06-16,FALSE
901445,2024-06-28,FALSE
901446,2024-08-21,FALSE
901447,2024-05-23,FALSE
901448,2024-12-27,FALSE
901449,2024-05-11,FALSE
901450,2024-06-16,FALSE
901451,2024-09-07,FALSE
901452,2024-10-18,FALSE
901453,2024-05-30,FALSE
901454,2024-11-20,FALSE
901455,2024-07-16,FALSE
901456,2024-12-26,FALSE
901457,2024-09-26,FALSE
901458,2024-12-04,FALSE
901459,2024-12-23,FALSE
901460,2024-07-27,FALSE
901461,2024-05-15,FALSE
901462,2024-07-11,FALSE
901463,2024-11-13,FALSE
901464,2024-07-09,FALSE
901465,2024-07-04,FALSE
901466,2024-09-19,FALSE
901467,2024-08-28,FALSE
901468,2024-05-07,FALSE
901469,2024-10-23,FALSE
901470,2024-06-03,FALSE
901471,2024-06-28,FALSE
901472,2024-09-16,FALSE
901473,2024-09-11,FALSE
901474,2024-12-15,FALSE
901475,2024-11-27,FALSE
901476,2024-08-27,FALSE
901477,2024-06-10,FALSE
901478,2024-09-10,FALSE
901479,2024-11-24,FALSE
901480,2024-09-30,FALSE
901481,2024-08-16,FALSE
901482,2024-11-05,FALSE
901483,2024-12-01,FALSE
901484,2024-12-30,FALSE
901485,2024-12-15,FALSE
901486,2024-05-30,FALSE
901487,2024-07-19,FALSE
901488,2024-04-25,FALSE
901489,2024-12-23,FALSE
901490,2024-12-31,FALSE
901491,2024-08-10,FALSE
901492,2024-09-05,FALSE
901493,2024-05-11,FALSE
901494,2024-04-18,FALSE
901495,2024-05-03,FALSE
901496,2024-04-17,FALSE
901497,2024-06-13,FALSE
901498,2024-11-03,FALSE
901499,2024-09-21,FALSE
901500,2024-12-03,FALSE
901501,2024-06-09,FALSE
901502,2024-07-29,FALSE
901503,2024-06-08,FALSE
901504,2024-09-28,FALSE
901505,2024-12-05,FALSE
901506,2024-12-08,FALSE
901507,2024-05-14,FALSE
901508,2024-09-14,FALSE
901509,2024-05-08,FALSE
901510,2024-12-23,FALSE
901511,2024-05-17,FALSE
901512,2024-09-25,FALSE
901513,2025-01-01,FALSE
901514,2024-05-03,FALSE
901515,2024-09-14,FALSE
901516,2024-11-19,FALSE
901517,2024-12-26,FALSE
901518,2024-06-01,FALSE
901519,2024-05-07,FALSE
901520,2024-07-21,FALSE
901521,2024-09-27,FALSE
901522,2024-07-24,FALSE
901523,2024-11-14,FALSE
901524,2024-04-19,FALSE
901525,2024-08-03,FALSE
901526,2024-06-11,FALSE
901527,2024-12-25,FALSE
901528,2024-09-02,FALSE
901529,2024-09-01,FALSE
901530,2024-11-12,FALSE
901531,2024-07-23,FALSE
901532,2024-09-06,FALSE
901533,2024-10-09,FALSE
901534,2024-06-17,FALSE
901535,2024-12-06,FALSE
901536,2024-04-30,FALSE
901537,2024-06-17,FALSE
901538,2024-12-10,FALSE
901539,2024-09-07,FALSE
901540,2024-11-03,FALSE
901541,2024-12-28,FALSE
901542,2024-10-28,FALSE
901543,2024-06-12,FALSE
901544,2024-10-20,FALSE
901545,2024-08-11,FALSE
901546,2024-12-23,FALSE
901547,2024-06-23,FALSE
901548,2024-08-17,FALSE
901549,2024-05-25,FALSE
901550,2024-10-30,FALSE
901551,2024-12-11,FALSE
901552,2024-09-02,FALSE
901553,2024-08-19,FALSE
901554,2024-10-05,FALSE
901555,2024-04-22,FALSE
901556,2024-08-20,FALSE
901557,2024-06-29,FALSE
901558,2024-07-31,FALSE
901559,2024-06-08,FALSE
901560,2024-11-29,FALSE
901561,2024-05-03,FALSE
901562,2024-08-14,FALSE
901563,2024-12-23,FALSE
901564,2024-10-13,FALSE
901565,2024-09-23,FALSE
901566,2024-07-17,FALSE
901567,2024-12-20,FALSE
901568,2024-11-06,FALSE
901569,2024-05-06,FALSE
901570,2024-08-23,FALSE
901571,2024-09-05,FALSE
901572,2024-11-22,FALSE
901573,2024-06-26,FALSE
901574,2024-12-18,FALSE
901575,2024-08-01,FALSE
901576,2024-05-14,FALSE
901577,2024-07-18,FALSE
901578,2024-08-12,FALSE
901579,2024-04-26,FALSE
901580,2024-07-15,FALSE
901581,2024-05-30,FALSE
901582,2024-09-10,FALSE
901583,2024-08-10,FALSE
901584,2024-10-04,FALSE
901585,2024-05-31,FALSE
901586,2024-12-23,FALSE
901587,2024-08-19,FALSE
901588,2024-09-06,FALSE
901589,2024-06-05,FALSE
901590,2024-07-07,FALSE
901591,2024-07-02,FALSE
901592,2024-10-26,FALSE
901593,2024-12-14,FALSE
901594,2024-12-16,FALSE
901595,2024-09-22,FALSE
901596,2024-06-20,FALSE
901597,2024-05-28,FALSE
901598,2024-07-19,FALSE
901599,2024-08-16,FALSE
901600,2024-07-22,FALSE
901601,2024-07-15,FALSE
901602,2024-09-20,FALSE
901603,2024-05-06,FALSE
901604,2024-10-14,FALSE
901605,2024-10-09,FALSE
901606,2025-01-01,FALSE
901607,2024-05-06,FALSE
901608,2024-11-24,FALSE
901609,2024-07-09,FALSE
901610,2024-11-02,FALSE
901611,2024-11-13,FALSE
901612,2024-12-08,FALSE
901613,2024-08-08,FALSE
901614,2024-09-03,FALSE
901615,2024-06-28,FALSE
901616,2024-10-24,FALSE
901617,2024-12-24,FALSE
901618,2024-05-28,FALSE
901619,2024-11-22,FALSE
901620,2024-10-21,FALSE
901621,2024-09-30,FALSE
901622,2024-09-02,FALSE
901623,2024-08-07,FALSE
901624,2024-07-16,FALSE
901625,2024-10-13,FALSE
901626,2024-09-26,FALSE
901627,2024-12-07,FALSE
901628,2024-07-02,FALSE
901629,2024-08-30,FALSE
901630,2024-04-22,FALSE
901631,2024-10-14,FALSE
901632,2024-11-12,FALSE
901633,2024-11-29,FALSE
901634,2024-12-15,FALSE
901635,2024-06-21,FALSE
901636,2024-11-04,FALSE
901637,2024-04-17,FALSE
901638,2024-07-06,FALSE
901639,2024-08-04,FALSE
901640,2024-10-28,FALSE
901641,2024-09-30,FALSE
901642,2024-09-04,FALSE
901643,2024-09-06,FALSE
901644,2024-09-26,FALSE
901645,2024-05-12,FALSE
901646,2024-05-29,FALSE
901647,2024-08-23,FALSE
901648,2024-08-09,FALSE
901649,2024-11-05,FALSE
901650,2024-08-14,FALSE
901651,2024-05-14,FALSE
901652,2024-08-29,FALSE
901653,2024-07-26,FALSE
901654,2024-09-06,FALSE
901655,2024-12-12,FALSE
901656,2024-09-12,FALSE
901657,2024-12-12,FALSE
901658,2024-07-14,FALSE
901659,2024-07-18,FALSE
901660,2024-05-27,FALSE
901661,2024-06-11,FALSE
901662,2024-08-17,FALSE
901663,2024-10-08,FALSE
901664,2024-10-24,FALSE
901665,2024-07-19,FALSE
901666,2024-12-09,FALSE
901667,2024-12-15,FALSE
901668,2024-12-24,FALSE
901669,2024-12-10,FALSE
901670,2024-10-01,FALSE
901671,2024-08-06,FALSE
901672,2024-11-29,FALSE
901673,2024-09-23,FALSE
901674,2024-11-07,FALSE
901675,2024-04-29,FALSE
901676,2024-05-12,FALSE
901677,2024-12-12,FALSE
901678,2024-10-02,FALSE
901679,2024-06-08,FALSE
901680,2024-07-22,FALSE
901681,2024-10-03,FALSE
901682,2024-12-21,FALSE
901683,2024-11-15,FALSE
901684,2024-09-24,FALSE
901685,2024-06-27,FALSE
901686,2024-11-12,FALSE
901687,2024-09-10,FALSE
901688,2024-04-21,FALSE
901689,2024-05-08,FALSE
901690,2024-10-13,FALSE
901691,2024-08-03,FALSE
901692,2024-08-15,FALSE
901693,2024-11-13,FALSE
901694,2024-12-16,FALSE
901695,2024-04-21,FALSE
901696,2024-10-07,FALSE
901697,2024-05-07,FALSE
901698,2024-09-26,FALSE
901699,2024-12-12,FALSE
901700,2024-09-16,FALSE
901701,2024-09-24,FALSE
901702,2024-08-14,FALSE
901703,2024-10-30,FALSE
901704,2024-12-12,FALSE
901705,2024-06-27,FALSE
901706,2024-10-22,FALSE
901707,2024-04-30,FALSE
901708,2024-07-18,FALSE
901709,2024-10-25,FALSE
901710,2024-10-12,FALSE
901711,2024-10-26,FALSE
901712,2024-10-25,FALSE
901713,2024-10-18,FALSE
901714,2024-07-15,FALSE
901715,2024-11-23,FALSE
901716,2024-12-30,FALSE
901717,2024-10-07,FALSE
901718,2024-09-19,FALSE
901719,2024-10-22,FALSE
901720,2024-10-12,FALSE
901721,2024-07-19,FALSE
901722,2024-12-18,FALSE
901723,2024-10-16,FALSE
901724,2024-07-18,FALSE
