Id_Promozione,Data_Inizio,Data_Fine,Brand,Percentuale_Sconto,Modello
150000,2022-10-07,2022-10-09,Mercury,20,Milan
150001,2024-04-07,2024-04-25,GMC,24,"Rally Wagon 3500"
150002,2023-09-07,2023-09-08,Chevrolet,22,"Sportvan G20"
150003,2023-06-24,2023-07-05,Ford,22,Bronco
150004,2024-03-02,2024-03-17,Chevrolet,24,"Sportvan G30"
150005,2024-08-02,2024-08-17,Mercedes-Benz,23,300CE
150006,2024-01-27,2024-02-25,Cadillac,17,DTS
150007,2022-08-09,2022-08-26,Mazda,23,"B-Series Plus"
150008,2023-02-03,2023-03-02,Lexus,10,ES
150009,2023-11-20,2023-12-18,Dodge,29,"Ram 2500 Club"
150010,2023-04-16,2023-04-17,Mitsubishi,26,Pajero
150011,2023-12-30,2024-01-29,Pontiac,22,Firebird
150012,2022-09-01,2022-09-08,Volvo,15,C70
150013,2023-05-25,2023-06-14,Spyker,21,"C8 Double 12 S"
150014,2023-03-18,2023-03-23,Mazda,21,Millenia
150015,2023-12-08,2023-12-09,Kia,16,Optima
150016,2024-06-06,2024-06-21,Ford,17,Mustang
150017,2024-05-19,2024-06-02,Jeep,15,"Grand Cherokee"
150018,2023-07-24,2023-08-10,Acura,17,Integra
150019,2024-02-10,2024-02-21,"Land Rover",26,LR3
150020,2023-12-01,2023-12-02,Suzuki,19,Forenza
150021,2024-06-19,2024-07-10,Honda,10,"del Sol"
150022,2024-05-10,2024-05-12,Volvo,21,S40
150023,2023-12-11,2023-12-30,Suzuki,24,"Daewoo Magnus"
150024,2024-01-26,2024-02-25,Mercury,24,"Grand Marquis"
150025,2024-08-26,2024-08-27,Ford,9,"Econoline E150"
150026,2024-09-07,2024-09-18,Buick,12,Electra
150027,2023-09-21,2023-09-24,Pontiac,21,Bonneville
150028,2024-12-24,2024-12-29,Kia,13,Sorento
150029,2023-11-30,2023-12-03,Hyundai,25,"Santa Fe"
150030,2024-12-26,2025-01-01,Volvo,11,S90
150031,2023-08-04,2023-08-17,Chevrolet,22,Cavalier
150032,2024-05-15,2024-05-31,Mercedes-Benz,8,G-Class
150033,2023-10-22,2023-11-03,Mazda,20,929
150034,2023-03-26,2023-04-10,Infiniti,13,J
150035,2024-03-08,2024-03-12,Ford,13,Aspire
150036,2023-01-16,2023-01-31,Porsche,24,Boxster
150037,2022-09-07,2022-09-14,Volkswagen,24,"Type 2"
150038,2024-06-22,2024-07-14,Volvo,18,XC60
150039,2023-06-09,2023-06-20,Nissan,10,Sentra
150040,2022-08-05,2022-09-03,Ford,18,Thunderbird
150041,2022-09-01,2022-09-05,Cadillac,24,DeVille
150042,2022-09-19,2022-10-07,Pontiac,6,"Trans Sport"
150043,2022-09-25,2022-10-09,Lexus,30,GX
150044,2023-10-24,2023-11-17,Mazda,28,"Mazdaspeed 3"
150045,2023-10-08,2023-10-17,Chevrolet,29,S10
150046,2024-01-21,2024-02-17,Suzuki,30,Esteem
150047,2022-09-23,2022-10-11,Subaru,17,"Alcyone SVX"
150048,2024-05-24,2024-06-10,Suzuki,18,Reno
150049,2024-08-19,2024-09-10,Ferrari,23,"430 Scuderia"
150050,2024-08-27,2024-09-13,Nissan,13,Xterra
150051,2024-02-12,2024-02-14,Ford,19,Escort
150052,2023-01-07,2023-01-21,Lamborghini,8,Diablo
150053,2022-09-06,2022-09-16,GMC,21,"Sierra 2500"
150054,2022-11-14,2022-11-25,Jeep,27,Compass
150055,2022-12-19,2023-01-18,Pontiac,14,"Grand Prix"
150056,2023-10-01,2023-10-24,Ford,30,Mustang
150057,2022-11-05,2022-11-08,Lexus,15,"RX Hybrid"
150058,2024-01-15,2024-02-07,Mazda,11,Protege
150059,2023-08-04,2023-09-02,Mazda,22,B2600
150060,2022-12-04,2022-12-23,BMW,22,525
150061,2024-06-03,2024-06-22,Chrysler,5,Concorde
150062,2024-09-09,2024-09-26,Nissan,15,Sentra
150063,2024-10-19,2024-11-10,Kia,20,Rio
150064,2023-12-20,2023-12-26,BMW,25,X3
150065,2024-05-09,2024-05-21,Chevrolet,8,"G-Series 2500"
150066,2024-03-30,2024-04-16,Chevrolet,22,"G-Series 1500"
150067,2023-01-04,2023-01-27,Lexus,27,RX
150068,2024-07-18,2024-07-28,Dodge,13,"Ram 1500"
150069,2023-05-31,2023-06-03,Honda,21,Odyssey
150070,2024-02-06,2024-02-17,Oldsmobile,22,88
150071,2024-09-21,2024-10-20,Toyota,27,Corolla
150072,2022-05-19,2022-06-14,Mitsubishi,6,Pajero
150073,2022-12-14,2022-12-31,Volkswagen,23,Eurovan
150074,2022-12-12,2022-12-29,Ford,8,Flex
150075,2023-02-19,2023-02-25,Plymouth,21,"Colt Vista"
150076,2023-06-01,2023-06-28,Chevrolet,23,"Avalanche 2500"
150077,2024-04-16,2024-05-16,Buick,29,Century
150078,2023-06-05,2023-07-05,Mitsubishi,18,"Mighty Max Macro"
150079,2022-05-19,2022-05-27,Jaguar,15,XJ
150080,2023-09-20,2023-10-05,Lamborghini,14,Gallardo
150081,2022-11-18,2022-12-05,Chevrolet,21,Colorado
150082,2023-10-10,2023-10-19,Dodge,24,"Ram Van 3500"
150083,2024-11-18,2024-11-26,Ford,22,"Transit Connect"
150084,2022-06-26,2022-07-08,Volkswagen,22,Golf
150085,2024-10-19,2024-10-31,Lexus,19,LS
150086,2023-11-02,2023-11-18,Chevrolet,9,"Express 3500"
150087,2023-02-25,2023-03-13,BMW,18,Z4
150088,2023-10-21,2023-11-15,Hyundai,6,Entourage
150089,2023-05-22,2023-05-24,Pontiac,6,Sunfire
150090,2023-10-20,2023-10-24,Mitsubishi,17,"Montero Sport"
150091,2022-08-17,2022-08-19,Mazda,25,MPV
150092,2024-11-21,2024-11-25,Suzuki,11,SJ
150093,2023-09-28,2023-10-26,Cadillac,7,Escalade
150094,2023-01-19,2023-02-18,Volkswagen,16,"Type 2"
150095,2024-09-14,2024-09-17,Ford,26,Escort
150096,2023-03-15,2023-03-20,Mitsubishi,12,Sigma
150097,2023-05-20,2023-06-18,Lexus,29,IS
150098,2022-12-22,2023-01-10,Mitsubishi,13,Galant
150099,2024-05-08,2024-05-20,"Aston Martin",23,DB9
150100,2022-11-29,2022-12-09,Honda,28,CR-V
150101,2023-01-03,2023-01-30,Toyota,15,Venza
150102,2024-11-02,2024-12-02,Lincoln,26,Continental
150103,2023-06-09,2023-07-03,Porsche,10,"Carrera GT"
150104,2024-09-08,2024-10-02,Plymouth,25,Laser
150105,2024-11-26,2024-12-03,Honda,20,Insight
150106,2023-04-26,2023-05-08,Kia,17,Rio
150107,2024-11-17,2024-11-27,Toyota,16,4Runner
150108,2022-09-11,2022-09-19,Subaru,18,Forester
150109,2023-11-01,2023-11-25,Dodge,9,Neon
150110,2024-02-17,2024-03-11,Porsche,24,Cayenne
150111,2024-04-22,2024-05-12,Porsche,16,Boxster
150112,2024-03-25,2024-04-07,Jeep,30,Wrangler
150113,2023-12-10,2023-12-23,Mitsubishi,20,Eclipse
150114,2023-05-25,2023-06-15,Mercedes-Benz,26,CL-Class
150115,2023-11-19,2023-11-23,Volvo,12,V50
150116,2023-08-14,2023-09-01,BMW,6,"5 Series"
150117,2022-12-09,2023-01-03,Nissan,30,Pathfinder
150118,2024-03-02,2024-03-21,Lincoln,22,Navigator
150119,2023-07-27,2023-08-01,Saturn,27,Outlook
150120,2023-01-12,2023-01-15,BMW,9,"7 Series"
150121,2023-04-22,2023-05-04,Saab,14,900
150122,2022-08-07,2022-08-29,Subaru,10,Legacy
150123,2023-06-09,2023-06-28,Nissan,25,Armada
150124,2024-01-15,2024-02-12,Toyota,13,TundraMax
150125,2022-11-18,2022-11-19,Volvo,22,V70
150126,2022-07-15,2022-08-06,Mercury,27,Monterey
150127,2023-06-21,2023-06-23,Chevrolet,12,Corvette
150128,2022-09-19,2022-10-04,Toyota,23,Prius
150129,2024-03-31,2024-04-30,Subaru,17,Impreza
150130,2023-01-09,2023-02-03,Chevrolet,14,Malibu
150131,2024-07-11,2024-07-29,Buick,17,Regal
150132,2022-12-28,2023-01-24,Dodge,12,Omni
150133,2023-12-13,2023-12-18,Honda,25,Odyssey
150134,2022-05-31,2022-06-06,Mitsubishi,28,Galant
150135,2024-12-30,2025-01-21,Infiniti,14,QX
150136,2023-10-27,2023-11-19,Volkswagen,7,GTI
150137,2024-04-23,2024-05-04,Ford,11,"LTD Crown Victoria"
150138,2023-08-06,2023-08-07,MINI,11,Cooper
150139,2024-02-05,2024-03-04,BMW,19,530
150140,2024-11-22,2024-11-28,Volvo,19,C70
150141,2022-11-27,2022-12-24,Toyota,13,TundraMax
150142,2024-02-10,2024-03-09,BMW,11,"7 Series"
150143,2024-02-05,2024-02-14,Mitsubishi,26,Outlander
150144,2023-10-25,2023-10-29,Suzuki,14,Esteem
150145,2024-01-21,2024-01-31,Volkswagen,12,rio
150146,2023-11-05,2023-12-04,Lexus,10,IS
150147,2023-06-27,2023-07-06,Ford,11,Tempo
150148,2024-11-28,2024-12-10,Mitsubishi,18,Truck
150149,2023-11-01,2023-11-24,Mercury,15,"Grand Marquis"
150150,2023-11-27,2023-12-26,Mercedes-Benz,30,300E
150151,2024-01-05,2024-01-12,Ford,26,Aerostar
150152,2023-04-13,2023-04-22,Ford,14,"Expedition EL"
150153,2022-12-10,2022-12-17,Mercury,13,Sable
150154,2023-11-13,2023-11-25,Mercedes-Benz,6,E-Class
150155,2023-10-23,2023-10-30,Chevrolet,14,"Malibu Maxx"
150156,2024-01-17,2024-01-27,Honda,15,Accord
150157,2024-10-25,2024-11-17,Mazda,26,Navajo
150158,2023-03-17,2023-03-20,Buick,11,Regal
150159,2024-05-30,2024-06-04,Ram,30,2500
150160,2022-08-31,2022-09-05,Toyota,21,Corolla
150161,2024-02-08,2024-03-01,Jeep,14,"Grand Cherokee"
150162,2023-09-18,2023-10-14,Nissan,19,Sentra
150163,2023-09-13,2023-09-29,Kia,12,Forte
150164,2022-07-25,2022-08-01,"Aston Martin",30,DBS
150165,2023-10-26,2023-11-13,Volvo,13,S80
150166,2022-11-02,2022-11-30,Ford,19,Thunderbird
150167,2023-12-20,2024-01-04,GMC,30,Canyon
150168,2024-06-12,2024-06-13,Volkswagen,20,Cabriolet
150169,2022-07-10,2022-07-27,Acura,29,RL
150170,2024-10-26,2024-10-30,Pontiac,24,Parisienne
150171,2023-09-10,2023-09-22,Toyota,24,Prius
150172,2024-09-08,2024-09-16,Dodge,9,"Ram 2500"
150173,2024-05-15,2024-06-01,Infiniti,16,M
150174,2023-09-29,2023-10-21,Hyundai,22,Accent
150175,2023-11-14,2023-11-16,Mazda,12,MX-5
150176,2024-10-15,2024-10-30,Audi,30,A8
150177,2024-05-10,2024-06-03,Pontiac,18,"Grand Prix"
150178,2023-09-28,2023-10-25,Ford,25,Thunderbird
150179,2023-01-11,2023-01-22,Lexus,20,ES
150180,2022-08-09,2022-08-18,Volkswagen,12,Quantum
150181,2022-05-18,2022-05-25,GMC,17,"2500 Club Coupe"
150182,2022-07-13,2022-08-07,Toyota,23,Celica
150183,2024-04-04,2024-04-06,Mercury,5,Topaz
150184,2024-09-08,2024-10-04,Toyota,15,"Land Cruiser"
150185,2022-09-01,2022-09-04,Lincoln,20,Continental
150186,2024-08-27,2024-09-21,Kia,20,Rio
150187,2022-10-14,2022-10-31,Isuzu,14,Axiom
150188,2022-06-20,2022-07-12,Mazda,29,Protege
150189,2024-10-24,2024-11-05,Lexus,28,IS
150190,2024-12-11,2024-12-19,Lincoln,23,Navigator
150191,2024-04-23,2024-04-28,Cadillac,6,"Escalade EXT"
150192,2024-10-18,2024-10-27,Infiniti,8,J
150193,2023-07-13,2023-08-06,Ford,25,Fiesta
150194,2024-10-08,2024-10-21,Ford,26,Freestar
150195,2024-08-27,2024-09-25,Oldsmobile,29,Silhouette
150196,2023-12-29,2024-01-23,Hyundai,23,Equus
150197,2024-12-15,2024-12-31,Lexus,17,GX
150198,2024-09-28,2024-10-23,Chevrolet,21,Silverado
150199,2024-04-20,2024-05-19,Chevrolet,26,"Avalanche 2500"
150200,2024-12-14,2025-01-12,Suzuki,29,Sidekick
150201,2024-03-24,2024-04-20,Chrysler,7,300M
150202,2023-07-27,2023-08-10,Lexus,12,"IS F"
150203,2022-11-27,2022-12-14,Dodge,10,"Dakota Club"
150204,2023-04-18,2023-04-25,BMW,21,M5
150205,2022-10-07,2022-10-20,Suzuki,23,Swift
150206,2023-04-23,2023-04-24,Volkswagen,14,Fox
150207,2024-01-12,2024-01-16,Mercedes-Benz,25,E-Class
150208,2023-01-02,2023-01-05,Ford,10,F-Series
150209,2024-05-08,2024-05-18,"Aston Martin",12,DBS
150210,2023-11-13,2023-11-21,"Land Rover",12,LR4
150211,2023-12-24,2024-01-07,Geo,21,Tracker
150212,2022-07-03,2022-07-23,Chrysler,16,Crossfire
150213,2023-12-22,2023-12-28,Toyota,18,MR2
150214,2023-10-08,2023-10-30,Chevrolet,26,"Silverado 3500"
150215,2024-06-17,2024-07-14,Toyota,22,Celica
150216,2024-09-22,2024-10-10,Volkswagen,13,GTI
150217,2023-01-26,2023-02-23,Subaru,18,Forester
150218,2023-04-05,2023-04-09,Hyundai,5,Tiburon
150219,2022-10-04,2022-10-18,Audi,22,S6
150220,2022-07-04,2022-07-10,Mercedes-Benz,22,S-Class
150221,2022-11-04,2022-11-14,Chevrolet,24,Camaro
150222,2022-08-21,2022-09-02,Aptera,8,Typ-1
150223,2024-08-19,2024-08-28,GMC,28,Yukon
150224,2023-06-10,2023-07-09,Ford,16,F-Series
150225,2022-11-17,2022-11-18,Mercury,18,"Grand Marquis"
150226,2022-09-08,2022-09-16,Mazda,5,Protege
150227,2023-04-09,2023-04-25,Suzuki,21,X-90
150228,2023-07-19,2023-08-06,Mercedes-Benz,25,W201
150229,2024-10-29,2024-11-24,Maserati,14,Spyder
150230,2023-08-28,2023-09-12,Toyota,24,"Land Cruiser"
150231,2024-05-17,2024-05-21,Porsche,7,968
150232,2022-12-02,2022-12-19,Chevrolet,12,"Suburban 1500"
150233,2023-01-12,2023-02-05,Toyota,17,Prius
150234,2023-03-09,2023-03-27,Acura,5,Vigor
150235,2023-12-25,2024-01-05,Lincoln,12,Continental
150236,2024-05-18,2024-05-26,Kia,23,Optima
150237,2023-01-02,2023-02-01,Toyota,23,Celica
150238,2022-11-14,2022-11-23,Mercedes-Benz,14,E-Class
150239,2024-08-28,2024-09-20,Chevrolet,23,Astro
150240,2023-11-01,2023-11-13,GMC,13,"Sierra 1500"
150241,2023-07-16,2023-07-24,Dodge,6,D250
150242,2023-12-01,2023-12-22,Porsche,23,Boxster
150243,2024-04-21,2024-04-29,Audi,25,A3
150244,2024-06-28,2024-07-04,Toyota,27,"Camry Hybrid"
150245,2023-02-18,2023-03-07,Kia,21,Rio
150246,2023-08-05,2023-08-25,Isuzu,25,Rodeo
150247,2023-08-10,2023-08-11,Nissan,17,Rogue
150248,2024-11-28,2024-12-25,Hyundai,18,"Santa Fe"
150249,2024-04-07,2024-04-27,Pontiac,12,Bonneville
150250,2024-05-24,2024-06-06,Subaru,5,Outback
150251,2022-11-14,2022-11-29,Pontiac,11,Vibe
150252,2022-06-20,2022-07-11,Chrysler,28,LHS
150253,2024-10-13,2024-11-08,BMW,12,"6 Series"
150254,2023-11-27,2023-12-24,Chevrolet,22,"G-Series 3500"
150255,2024-08-12,2024-08-15,Volkswagen,16,Eos
150256,2022-10-30,2022-11-15,Chevrolet,26,"Silverado 2500"
150257,2022-11-21,2022-12-18,Maserati,21,430
150258,2023-06-12,2023-07-02,Audi,14,Q5
150259,2022-08-20,2022-08-29,Plymouth,10,"Grand Voyager"
150260,2024-07-16,2024-08-05,Ford,23,Ranger
150261,2024-12-03,2024-12-30,GMC,30,"Savana 2500"
150262,2023-10-13,2023-10-26,BMW,5,X5
150263,2023-03-03,2023-03-30,Toyota,27,Highlander
150264,2024-02-10,2024-03-06,Toyota,16,"T100 Xtra"
150265,2024-04-30,2024-05-28,Cadillac,20,Eldorado
150266,2022-06-26,2022-07-06,Jeep,24,"Grand Cherokee"
150267,2023-10-18,2023-11-17,Ford,8,F150
150268,2023-02-14,2023-02-27,Chevrolet,7,Lumina
150269,2022-08-14,2022-08-23,GMC,15,"Sonoma Club Coupe"
150270,2022-09-04,2022-09-29,Chrysler,6,Prowler
150271,2023-09-06,2023-10-06,Volkswagen,12,Passat
150272,2024-03-16,2024-03-17,Lexus,26,SC
150273,2024-10-15,2024-10-21,Chevrolet,18,Malibu
150274,2024-08-26,2024-09-08,Subaru,27,Forester
150275,2024-12-13,2025-01-09,Volkswagen,6,Passat
150276,2022-09-09,2022-09-30,Volkswagen,6,Beetle
150277,2023-06-28,2023-07-17,Toyota,15,Highlander
150278,2022-10-30,2022-11-01,Lexus,21,LX
150279,2024-04-24,2024-04-30,Toyota,8,MR2
150280,2023-04-08,2023-04-18,Hummer,13,H1
150281,2023-04-11,2023-05-06,Hummer,20,H3
150282,2024-11-23,2024-12-16,Lexus,9,LS
150283,2022-09-06,2022-09-26,Buick,5,Century
150284,2022-08-18,2022-08-30,Acura,25,RDX
150285,2022-07-16,2022-07-19,Volkswagen,11,"Golf III"
150286,2024-03-15,2024-04-13,Lexus,28,ES
150287,2023-12-05,2024-01-02,Scion,11,tC
150288,2024-09-16,2024-09-21,Kia,25,Sedona
150289,2022-09-07,2022-09-15,Volkswagen,23,"Touareg 2"
150290,2024-10-27,2024-11-04,Suzuki,26,Esteem
150291,2023-04-11,2023-04-15,Buick,26,Skylark
150292,2023-09-26,2023-10-05,Lincoln,15,Continental
150293,2024-08-11,2024-08-14,Suzuki,5,Aerio
150294,2024-09-24,2024-10-24,Honda,5,S2000
150295,2024-09-12,2024-10-01,Chrysler,23,"PT Cruiser"
150296,2022-11-26,2022-12-08,Hyundai,12,Tiburon
150297,2023-07-11,2023-07-30,Suzuki,25,Esteem
150298,2024-02-02,2024-02-25,Chevrolet,15,"Suburban 2500"
150299,2023-06-27,2023-07-05,Subaru,7,Forester
150300,2023-10-22,2023-11-21,Jeep,23,Wrangler
150301,2024-11-27,2024-12-27,Mazda,10,MX-5
150302,2022-09-19,2022-10-05,Ford,20,Contour
150303,2024-03-16,2024-04-13,"Land Rover",28,"Discovery Series II"
150304,2024-05-11,2024-05-21,Hyundai,14,Tucson
150305,2022-11-04,2022-12-04,Mitsubishi,12,Mirage
150306,2023-08-25,2023-09-13,Nissan,10,Sentra
150307,2023-09-22,2023-10-13,Volkswagen,13,Eurovan
150308,2023-12-19,2024-01-10,Mitsubishi,7,Raider
150309,2022-08-24,2022-09-10,Audi,30,Q7
150310,2022-09-02,2022-09-25,Volkswagen,14,"New Beetle"
150311,2024-09-13,2024-10-01,Pontiac,20,"Grand Prix"
150312,2024-09-19,2024-10-19,Toyota,6,Sienna
150313,2024-11-19,2024-12-08,Chevrolet,24,"Express 2500"
150314,2024-11-29,2024-12-29,Pontiac,16,6000
150315,2023-11-01,2023-11-20,Ford,12,Thunderbird
150316,2024-10-20,2024-10-31,Cadillac,26,SRX
150317,2024-06-15,2024-06-22,Pontiac,28,Tempest
150318,2022-05-19,2022-05-28,Honda,11,CR-X
150319,2024-12-20,2024-12-31,Hummer,8,H1
150320,2024-07-03,2024-07-04,Volkswagen,15,GTI
150321,2024-08-14,2024-09-11,GMC,28,"Suburban 2500"
150322,2023-05-23,2023-06-11,Lincoln,14,Navigator
150323,2024-12-02,2024-12-03,Nissan,27,240SX
150324,2023-01-23,2023-02-08,Porsche,19,Cayenne
150325,2023-12-01,2023-12-27,Mercury,18,"Grand Marquis"
150326,2024-01-15,2024-01-29,GMC,26,Acadia
150327,2023-03-01,2023-03-18,Isuzu,15,i-350
150328,2024-06-10,2024-07-08,Mitsubishi,21,Raider
150329,2023-10-05,2023-10-13,Pontiac,26,"Grand Am"
150330,2023-01-24,2023-02-22,Nissan,10,Altima
150331,2023-10-04,2023-10-22,Ford,8,F150
150332,2023-09-07,2023-09-23,Mercedes-Benz,24,G-Class
150333,2024-01-19,2024-01-29,GMC,17,Yukon
150334,2024-10-28,2024-11-21,GMC,23,1500
150335,2022-07-28,2022-08-05,Ford,12,F-Series
150336,2024-07-17,2024-07-27,Chrysler,7,Sebring
150337,2022-09-06,2022-09-14,Volkswagen,24,Rabbit
150338,2023-09-28,2023-09-30,GMC,21,"Savana 3500"
150339,2024-06-22,2024-07-03,Mazda,8,B-Series
150340,2023-10-15,2023-10-25,Chevrolet,14,Astro
150341,2024-08-26,2024-08-27,Volkswagen,11,GTI
150342,2024-04-04,2024-05-01,Infiniti,24,M
150343,2022-09-19,2022-10-08,Mercury,8,Mountaineer
150344,2024-09-09,2024-09-29,Audi,10,S4
150345,2023-12-28,2024-01-15,Saab,22,900
150346,2024-07-20,2024-08-19,Mitsubishi,30,Truck
150347,2022-11-16,2022-12-14,Plymouth,15,Roadrunner
150348,2022-05-30,2022-06-07,Dodge,20,"Ram 3500 Club"
150349,2024-04-04,2024-04-06,Hyundai,14,Excel
150350,2022-11-28,2022-12-17,Pontiac,18,Firefly
150351,2024-10-15,2024-10-25,Audi,25,A3
150352,2023-06-06,2023-06-08,Chrysler,16,"New Yorker"
150353,2023-04-16,2023-05-02,Mercury,13,Sable
150354,2023-12-14,2024-01-11,Kia,18,Sedona
150355,2023-04-12,2023-05-10,Mercedes-Benz,30,CLS-Class
150356,2024-08-30,2024-09-27,GMC,18,"1500 Club Coupe"
150357,2022-05-18,2022-06-17,Suzuki,28,Swift
150358,2022-08-01,2022-08-14,Ford,24,Falcon
150359,2022-12-27,2023-01-22,Oldsmobile,12,Silhouette
150360,2024-04-12,2024-04-16,Mercury,7,Topaz
150361,2023-02-17,2023-02-25,Chevrolet,19,Caprice
150362,2024-05-14,2024-05-19,Mazda,13,"Miata MX-5"
150363,2023-02-06,2023-02-26,Audi,14,4000
150364,2024-03-11,2024-03-21,Maserati,16,GranSport
150365,2024-06-26,2024-07-23,Mitsubishi,13,Truck
150366,2024-08-03,2024-08-27,Audi,28,S8
150367,2024-04-05,2024-05-05,Chevrolet,13,Equinox
150368,2022-10-26,2022-11-06,Cadillac,19,Seville
150369,2024-10-14,2024-11-08,Nissan,5,Xterra
150370,2024-11-07,2024-11-19,GMC,20,Sonoma
150371,2022-05-16,2022-05-31,Audi,25,A8
150372,2022-07-27,2022-08-17,Dodge,30,Avenger
150373,2024-06-05,2024-06-10,Suzuki,21,X-90
150374,2022-05-26,2022-06-20,Mercedes-Benz,15,SLK-Class
150375,2024-01-27,2024-02-17,GMC,8,Yukon
150376,2023-07-14,2023-08-02,Suzuki,9,Cultus
150377,2024-09-20,2024-10-14,Dodge,21,"Ram Van B250"
150378,2022-11-30,2022-12-01,Toyota,13,Previa
150379,2024-12-04,2024-12-12,Lotus,12,Elan
150380,2024-06-07,2024-07-01,Ford,12,Edge
150381,2024-04-14,2024-05-12,BMW,14,"3 Series"
150382,2023-05-19,2023-05-21,Chevrolet,16,Lumina
150383,2024-11-15,2024-12-11,Saab,12,900
150384,2023-10-09,2023-10-27,Lamborghini,5,Diablo
150385,2023-06-10,2023-07-02,Honda,11,Accord
150386,2024-12-02,2024-12-12,GMC,9,"Sonoma Club Coupe"
150387,2024-01-23,2024-02-17,Lincoln,8,"Navigator L"
150388,2022-10-01,2022-10-17,Bentley,22,Arnage
150389,2023-04-18,2023-04-26,Toyota,6,Corolla
150390,2023-07-31,2023-08-02,Pontiac,9,G6
150391,2022-08-09,2022-08-28,Buick,26,LaCrosse
150392,2023-04-10,2023-04-19,Ford,6,GT
150393,2023-09-10,2023-09-26,Lotus,24,Esprit
150394,2023-09-11,2023-09-30,Toyota,25,RAV4
150395,2023-03-17,2023-03-21,GMC,28,Canyon
150396,2024-12-02,2024-12-24,Mitsubishi,6,Pajero
150397,2024-05-07,2024-06-05,Maserati,24,GranSport
150398,2023-10-10,2023-11-01,Acura,19,TL
150399,2024-04-09,2024-04-11,Mercedes-Benz,24,CLS-Class
150400,2024-02-21,2024-03-12,BMW,13,X5
150401,2024-07-16,2024-07-26,Porsche,28,911
150402,2024-09-11,2024-09-18,Mazda,11,B-Series
150403,2022-08-05,2022-08-27,Isuzu,6,Trooper
150404,2022-09-05,2022-09-13,Kia,10,Sorento
150405,2023-10-18,2023-11-10,Mazda,27,RX-8
150406,2022-08-09,2022-08-11,Chevrolet,25,"Avalanche 2500"
150407,2023-02-19,2023-02-28,Honda,15,"Accord Crosstour"
150408,2022-12-06,2022-12-21,Mercury,18,Sable
150409,2024-07-23,2024-08-01,Cadillac,19,SRX
150410,2023-03-19,2023-03-26,Porsche,7,Boxster
150411,2022-07-25,2022-08-13,Toyota,26,"Land Cruiser"
150412,2024-06-28,2024-07-27,Audi,22,R8
150413,2024-03-03,2024-03-15,Suzuki,5,Reno
150414,2024-06-17,2024-07-14,Dodge,21,"Ram 2500"
150415,2022-07-02,2022-07-15,Lotus,10,Elise
150416,2024-08-10,2024-08-16,GMC,16,"Envoy XL"
150417,2024-02-18,2024-03-12,Chevrolet,26,Malibu
150418,2023-07-30,2023-08-21,Infiniti,14,G25
150419,2024-03-28,2024-04-08,Volvo,21,XC90
150420,2024-04-16,2024-05-02,Audi,19,A6
150421,2024-08-06,2024-09-04,Dodge,20,Stratus
150422,2023-08-30,2023-09-10,Chevrolet,10,"Express 3500"
150423,2022-06-29,2022-07-24,Porsche,17,Cayman
150424,2024-11-27,2024-12-08,GMC,19,Safari
150425,2023-10-04,2023-10-06,Nissan,12,Altima
150426,2024-05-01,2024-05-13,GMC,17,Acadia
150427,2024-09-06,2024-09-25,Chevrolet,20,Corvette
150428,2023-05-31,2023-06-14,Chevrolet,6,Camaro
150429,2022-08-09,2022-08-17,Mercedes-Benz,27,SL-Class
150430,2024-04-06,2024-05-02,Pontiac,29,"Grand Prix"
150431,2023-11-25,2023-12-06,Daewoo,16,Leganza
150432,2023-09-23,2023-10-12,Volkswagen,7,Rabbit
150433,2023-04-21,2023-05-10,Lexus,6,GX
150434,2023-12-23,2024-01-18,Pontiac,19,"Grand Prix"
150435,2023-10-05,2023-10-23,Mazda,29,Mazda3
150436,2024-07-23,2024-08-21,Kia,16,Rio
150437,2024-03-19,2024-03-24,Honda,5,Odyssey
150438,2023-12-18,2024-01-15,Chevrolet,27,Tahoe
150439,2024-12-06,2024-12-08,GMC,7,Sonoma
150440,2024-06-25,2024-07-06,Chevrolet,30,S10
150441,2023-01-30,2023-02-22,Dodge,7,"Dakota Club"
150442,2023-04-08,2023-04-23,Ford,25,"LTD Crown Victoria"
150443,2024-09-29,2024-10-19,Ford,20,Escape
150444,2022-05-19,2022-06-10,Ferrari,5,"458 Italia"
150445,2022-09-09,2022-10-03,BMW,17,X6
150446,2024-11-03,2024-12-03,Infiniti,21,G37
150447,2022-12-10,2022-12-14,Ford,29,Aerostar
150448,2023-04-15,2023-04-25,GMC,5,"Savana 2500"
150449,2022-07-04,2022-08-01,Pontiac,20,6000
150450,2022-10-24,2022-11-11,Maserati,20,Quattroporte
150451,2022-09-29,2022-10-05,Volvo,21,850
150452,2022-09-18,2022-10-05,Ford,12,E150
150453,2024-03-28,2024-04-07,Toyota,21,Venza
150454,2024-09-06,2024-10-03,Dodge,22,Spirit
150455,2024-05-25,2024-05-27,Kia,7,Rondo
150456,2022-07-30,2022-08-29,Volkswagen,15,Passat
150457,2024-11-09,2024-11-19,Plymouth,12,Acclaim
150458,2024-05-07,2024-05-27,Saab,11,9-5
150459,2023-03-27,2023-04-07,Toyota,9,Tacoma
150460,2024-12-02,2024-12-31,Buick,18,Estate
150461,2023-02-02,2023-02-14,GMC,30,"Savana 2500"
150462,2024-03-25,2024-04-15,Volvo,19,S80
150463,2023-12-15,2023-12-21,Ford,26,Ranger
150464,2023-08-08,2023-08-28,Chevrolet,10,Caprice
150465,2024-01-11,2024-01-24,Cadillac,10,Seville
150466,2023-10-08,2023-10-30,Mazda,29,MPV
150467,2024-10-08,2024-11-02,Hyundai,19,Scoupe
150468,2023-01-05,2023-02-03,Scion,22,xD
150469,2024-04-21,2024-04-22,Chevrolet,18,"Silverado 1500"
150470,2023-03-17,2023-04-04,Dodge,23,"Dakota Club"
150471,2024-05-21,2024-06-04,Audi,28,S4
150472,2023-03-03,2023-03-10,Toyota,24,"Land Cruiser"
150473,2023-12-09,2023-12-19,Dodge,20,Stratus
150474,2022-06-20,2022-07-14,Mercedes-Benz,25,SLK-Class
150475,2022-10-18,2022-10-20,Chevrolet,16,"Express 1500"
150476,2024-01-21,2024-01-24,GMC,20,1500
150477,2022-08-16,2022-08-17,Ford,20,"Crown Victoria"
150478,2024-12-10,2024-12-22,Chevrolet,22,Camaro
150479,2022-09-17,2022-10-02,Saturn,6,Aura
150480,2024-01-27,2024-02-06,GMC,22,"2500 Club Coupe"
150481,2024-07-09,2024-07-23,Audi,30,A7
150482,2024-08-01,2024-08-04,Oldsmobile,26,"Cutlass Supreme"
150483,2023-08-01,2023-08-16,Acura,10,Integra
150484,2022-06-15,2022-07-01,Ford,22,F350
150485,2022-05-17,2022-05-28,Toyota,15,RAV4
150486,2023-07-25,2023-08-12,Ford,5,F450
150487,2023-09-03,2023-09-27,Toyota,10,Tundra
150488,2022-08-26,2022-08-27,"Land Rover",10,LR3
150489,2024-07-14,2024-07-17,Plymouth,7,Voyager
150490,2023-07-05,2023-07-26,Nissan,24,Quest
150491,2024-12-22,2024-12-26,Oldsmobile,12,Toronado
150492,2023-01-02,2023-01-22,Lexus,20,LS
150493,2023-10-28,2023-11-01,Ford,21,F-Series
150494,2024-10-18,2024-10-21,Oldsmobile,21,LSS
150495,2023-11-09,2023-11-28,Mazda,27,B-Series
150496,2023-05-27,2023-05-28,Jeep,16,Commander
150497,2024-02-28,2024-03-08,Ford,8,E-Series
150498,2023-08-14,2023-08-19,Mercedes-Benz,6,G-Class
150499,2023-07-08,2023-08-05,Nissan,19,Sentra
150500,2023-09-27,2023-10-06,Mazda,17,B-Series
150501,2023-10-02,2023-10-13,Cadillac,25,XLR
150502,2024-10-13,2024-10-30,Ram,16,1500
150503,2023-05-03,2023-05-05,Ford,20,"Econoline E350"
150504,2023-07-24,2023-08-17,Pontiac,11,"Grand Am"
150505,2024-03-03,2024-03-23,Acura,9,Legend
150506,2024-01-25,2024-02-06,Pontiac,18,Montana
150507,2023-01-27,2023-02-25,GMC,21,"Vandura 1500"
150508,2023-08-05,2023-08-08,Jaguar,22,"XJ Series"
150509,2023-10-23,2023-11-08,Subaru,7,Legacy
150510,2024-03-07,2024-03-25,Jeep,25,"Grand Cherokee"
150511,2023-12-10,2023-12-25,Infiniti,8,JX
150512,2024-11-19,2024-11-29,Chevrolet,6,Cavalier
150513,2024-07-28,2024-08-11,Mitsubishi,11,Galant
150514,2024-04-28,2024-05-25,Mercedes-Benz,30,E-Class
150515,2024-02-01,2024-02-09,Mitsubishi,11,Challenger
150516,2023-05-19,2023-06-14,Chevrolet,19,Corvette
150517,2022-12-27,2023-01-20,Mercury,19,Mountaineer
150518,2024-02-23,2024-03-10,Oldsmobile,15,Achieva
150519,2024-02-15,2024-02-16,Acura,26,MDX
150520,2024-02-01,2024-03-01,Jeep,22,Liberty
150521,2024-11-21,2024-12-02,Chrysler,12,Cirrus
150522,2024-07-28,2024-07-31,Audi,15,V8
150523,2023-10-13,2023-10-14,Buick,29,Reatta
150524,2023-10-07,2023-10-29,Chevrolet,16,Corvette
150525,2024-04-16,2024-05-05,Ford,26,Explorer
150526,2024-02-03,2024-02-12,Ford,26,E150
150527,2024-08-31,2024-09-27,Chrysler,9,Concorde
150528,2023-07-24,2023-08-09,Mercury,19,Villager
150529,2023-06-11,2023-07-11,Mazda,21,RX-7
150530,2024-01-07,2024-01-12,Toyota,10,Corolla
150531,2023-01-19,2023-02-16,Chevrolet,16,Classic
150532,2022-11-06,2022-12-02,Honda,19,Prelude
150533,2022-10-29,2022-11-21,Mitsubishi,5,Galant
150534,2023-11-18,2023-11-29,Toyota,30,"Prius Plug-in"
150535,2024-01-07,2024-01-30,Dodge,16,"Dakota Club"
150536,2023-05-09,2023-05-26,"Land Rover",11,Defender
150537,2024-04-10,2024-05-04,Plymouth,22,Breeze
150538,2023-02-22,2023-02-25,Porsche,10,911
150539,2023-02-03,2023-03-03,Chevrolet,23,"Sportvan G20"
150540,2022-08-04,2022-08-21,Mitsubishi,6,"Lancer Evolution"
150541,2022-08-29,2022-09-19,Mazda,18,GLC
150542,2023-07-09,2023-07-29,Ford,6,"Explorer Sport"
150543,2023-07-19,2023-07-30,Mercury,12,Capri
150544,2024-03-19,2024-03-29,Ford,20,Thunderbird
150545,2024-04-14,2024-04-24,GMC,19,"Savana 3500"
150546,2023-07-22,2023-08-02,Bentley,9,"Continental GT"
150547,2023-02-05,2023-02-22,BMW,28,X5
150548,2022-12-18,2022-12-25,Saab,8,9-7X
150549,2024-02-29,2024-03-21,Mercedes-Benz,29,SLK-Class
150550,2024-08-06,2024-08-24,GMC,22,"1500 Club Coupe"
150551,2024-05-09,2024-06-02,Mazda,19,Protege
150552,2023-04-05,2023-04-27,Lexus,8,ES
150553,2023-10-27,2023-10-31,Toyota,13,Avalon
150554,2024-04-19,2024-05-13,Subaru,6,Impreza
150555,2024-08-14,2024-08-15,BMW,12,X5
150556,2022-05-30,2022-06-08,Hyundai,16,Equus
150557,2024-02-17,2024-03-04,Volvo,29,S60
150558,2024-07-14,2024-08-11,Ford,18,Tempo
150559,2023-04-11,2023-05-03,Lincoln,28,"Mark VIII"
150560,2024-08-24,2024-09-09,Porsche,18,911
150561,2024-12-09,2025-01-07,Acura,30,RSX
150562,2023-08-11,2023-08-31,Ford,11,Aerostar
150563,2023-03-01,2023-03-03,Mercury,6,"Grand Marquis"
150564,2022-12-23,2023-01-02,Acura,15,RL
150565,2023-07-28,2023-08-09,Volvo,17,XC70
150566,2023-04-30,2023-05-07,Cadillac,20,"Escalade ESV"
150567,2024-12-14,2024-12-23,Chevrolet,24,"Suburban 2500"
150568,2024-02-06,2024-02-11,Lexus,13,LX
150569,2023-08-27,2023-09-23,Jaguar,12,S-Type
150570,2023-12-20,2023-12-30,Ford,29,F250
150571,2022-05-19,2022-06-04,Infiniti,21,G
150572,2022-10-21,2022-10-29,Ford,23,"Club Wagon"
150573,2024-01-15,2024-02-01,BMW,20,X5
150574,2024-08-21,2024-08-28,Buick,27,LeSabre
150575,2024-01-08,2024-01-23,Saab,14,9-3
150576,2022-10-28,2022-11-10,Chevrolet,5,Avalanche
150577,2022-08-24,2022-09-20,Dodge,27,Durango
150578,2024-03-12,2024-04-04,Dodge,25,"Ram Van 3500"
150579,2023-02-01,2023-02-22,Jaguar,11,"XK Series"
150580,2024-09-18,2024-10-02,Chevrolet,24,"Monte Carlo"
150581,2022-07-25,2022-08-20,Honda,8,Odyssey
150582,2022-09-09,2022-10-04,Lotus,18,Elan
150583,2023-03-19,2023-04-15,BMW,29,Z8
150584,2022-08-12,2022-09-03,Mercury,25,Topaz
150585,2023-12-21,2024-01-13,Toyota,11,Venza
150586,2022-11-13,2022-12-09,Saab,24,900
150587,2023-08-27,2023-09-26,Mercedes-Benz,10,300E
150588,2024-03-18,2024-04-11,Volkswagen,21,Passat
150589,2023-08-02,2023-08-17,Hyundai,29,"Santa Fe"
150590,2022-11-17,2022-12-15,Ford,9,Taurus
150591,2023-08-09,2023-08-16,Hyundai,12,Tiburon
150592,2024-01-21,2024-02-13,Ford,12,Th!nk
150593,2023-05-07,2023-05-08,Toyota,12,MR2
150594,2024-03-09,2024-03-25,Audi,8,S4
150595,2022-05-23,2022-06-03,Dodge,25,Dakota
150596,2022-08-29,2022-09-08,Cadillac,10,"Sixty Special"
150597,2023-03-31,2023-04-25,Volkswagen,14,GTI
150598,2024-06-08,2024-06-15,Volvo,14,V70
150599,2024-08-16,2024-08-25,Volkswagen,11,Fox
150600,2024-02-05,2024-02-25,Volkswagen,21,Eurovan
150601,2024-07-31,2024-08-17,Dodge,16,"Ram 50"
150602,2022-07-19,2022-08-14,Mazda,30,MX-6
150603,2023-12-27,2024-01-26,Hummer,29,H1
150604,2022-08-12,2022-08-26,Volkswagen,28,Golf
150605,2024-08-22,2024-09-21,Mercedes-Benz,24,SLK-Class
150606,2024-04-30,2024-05-28,Hyundai,29,"Santa Fe"
150607,2024-07-26,2024-08-04,Nissan,13,Titan
150608,2022-11-13,2022-11-22,Lamborghini,23,Gallardo
150609,2022-11-27,2022-12-23,Honda,14,Civic
150610,2022-08-13,2022-09-01,Daewoo,23,Leganza
150611,2024-10-30,2024-11-13,GMC,26,"1500 Club Coupe"
150612,2023-06-01,2023-07-01,Hyundai,27,Scoupe
150613,2022-12-08,2022-12-25,"Aston Martin",26,Virage
150614,2023-09-03,2023-09-25,Jeep,20,"Grand Cherokee"
150615,2023-09-29,2023-10-29,Oldsmobile,15,"Custom Cruiser"
150616,2024-12-09,2024-12-15,Lexus,20,RX
150617,2024-10-08,2024-10-22,Acura,20,RDX
150618,2023-11-10,2023-11-30,Toyota,23,Supra
150619,2023-10-01,2023-10-06,Dodge,14,"D350 Club"
150620,2023-10-14,2023-10-30,Nissan,8,Altima
150621,2022-06-17,2022-07-14,Lamborghini,6,Reventón
150622,2022-12-22,2023-01-18,Honda,17,Odyssey
150623,2023-04-08,2023-05-01,Geo,11,Metro
150624,2022-12-05,2023-01-01,BMW,21,X5
150625,2022-10-12,2022-10-18,Ford,9,Ranger
150626,2023-10-26,2023-10-27,Geo,25,Tracker
150627,2024-03-29,2024-04-06,Mazda,12,B-Series
150628,2022-11-11,2022-11-13,GMC,24,"Savana 2500"
150629,2024-08-11,2024-09-09,Acura,17,TL
150630,2024-02-09,2024-02-14,Dodge,17,Spirit
150631,2022-11-14,2022-12-13,Pontiac,27,Montana
150632,2024-11-21,2024-12-21,Volkswagen,14,Passat
150633,2024-08-02,2024-08-18,Oldsmobile,23,Bravada
150634,2023-04-14,2023-04-23,Mazda,15,Familia
150635,2022-07-21,2022-08-11,Volvo,28,XC70
150636,2023-05-21,2023-06-09,MINI,11,Cooper
150637,2024-09-29,2024-10-25,Ford,20,Flex
150638,2022-06-09,2022-07-02,Toyota,22,Supra
150639,2024-08-24,2024-09-12,Chrysler,5,Sebring
150640,2024-03-04,2024-03-26,Ford,20,E-Series
150641,2023-01-13,2023-01-30,Subaru,12,Impreza
150642,2024-05-30,2024-06-24,Mitsubishi,18,Diamante
150643,2023-03-19,2023-04-02,Oldsmobile,20,Silhouette
150644,2023-12-04,2024-01-03,Ford,26,F-Series
150645,2022-08-15,2022-09-07,Pontiac,7,LeMans
150646,2024-10-31,2024-11-27,Porsche,26,Cayenne
150647,2024-06-14,2024-06-23,Mazda,22,Millenia
150648,2023-05-17,2023-06-13,Toyota,20,Tacoma
150649,2024-04-03,2024-04-15,Pontiac,9,"Grand Prix"
150650,2024-04-29,2024-05-27,Ford,22,F-Series
150651,2023-03-28,2023-04-18,Holden,6,Monaro
150652,2024-01-04,2024-01-16,Chevrolet,15,Lumina
150653,2024-08-26,2024-09-19,Daewoo,26,Leganza
150654,2023-10-21,2023-11-10,Ram,8,2500
150655,2023-08-24,2023-08-25,Kia,24,Sedona
150656,2023-08-11,2023-08-17,Mazda,24,"Miata MX-5"
150657,2024-05-20,2024-05-23,Pontiac,15,G6
150658,2024-10-12,2024-11-04,Plymouth,7,Voyager
150659,2024-04-19,2024-05-10,Mitsubishi,8,Galant
150660,2022-12-10,2023-01-09,Hummer,15,H3
150661,2023-09-02,2023-09-27,Ford,27,"Escort ZX2"
150662,2023-08-08,2023-08-11,Acura,30,TL
150663,2022-11-19,2022-12-15,Audi,18,"5000CS Quattro"
150664,2024-11-09,2024-11-21,Jaguar,22,XK
150665,2024-05-22,2024-06-11,Mercedes-Benz,17,E-Class
150666,2022-08-23,2022-09-06,Ford,6,Expedition
150667,2023-09-24,2023-09-28,Nissan,28,Murano
150668,2022-08-28,2022-09-25,Cadillac,26,"Escalade ESV"
150669,2024-12-29,2025-01-13,BMW,12,"5 Series"
150670,2023-12-24,2024-01-11,Mercedes-Benz,23,E-Class
150671,2024-10-06,2024-10-29,Mercury,5,Sable
150672,2023-02-04,2023-03-04,"Aston Martin",10,Rapide
150673,2024-09-09,2024-09-24,Buick,22,LeSabre
150674,2024-07-12,2024-07-27,Ford,11,Focus
150675,2022-08-02,2022-08-21,GMC,19,Savana
150676,2022-07-13,2022-07-23,Toyota,11,Tundra
150677,2024-02-24,2024-02-26,Nissan,19,Versa
150678,2023-08-14,2023-08-25,Toyota,25,Previa
150679,2023-09-09,2023-09-28,Acura,18,TSX
150680,2022-12-31,2023-01-10,Bentley,23,"Continental GT"
150681,2023-10-14,2023-10-18,Nissan,6,370Z
150682,2024-06-06,2024-06-20,Porsche,7,911
150683,2023-03-05,2023-03-22,Hyundai,27,Elantra
150684,2023-03-14,2023-03-30,Mercury,23,Sable
150685,2024-08-24,2024-09-07,Mercedes-Benz,20,M-Class
150686,2022-05-16,2022-05-31,Plymouth,13,Voyager
150687,2023-08-05,2023-08-26,Mitsubishi,28,Galant
150688,2023-02-12,2023-02-27,Suzuki,7,Swift
150689,2024-01-24,2024-02-11,Honda,6,S2000
150690,2022-06-27,2022-07-27,Ford,13,Festiva
150691,2023-06-14,2023-07-01,Cadillac,8,XLR
150692,2024-11-04,2024-11-17,Pontiac,27,"Trans Sport"
150693,2023-09-25,2023-10-08,Porsche,20,911
150694,2022-05-19,2022-06-06,Chevrolet,16,"Sportvan G20"
150695,2024-11-18,2024-12-11,Lexus,22,LX
150696,2023-05-06,2023-06-02,Ford,12,Ranger
150697,2023-11-27,2023-12-25,Lexus,21,LX
150698,2023-11-17,2023-12-12,"Aston Martin",22,DBS
150699,2022-07-01,2022-07-20,Ford,10,Mustang
150700,2023-05-07,2023-05-25,Toyota,25,Supra
150701,2022-09-16,2022-09-20,BMW,10,530
150702,2023-06-30,2023-07-28,Lincoln,23,Continental
150703,2022-12-05,2022-12-16,Bentley,16,"Continental GT"
150704,2024-10-09,2024-10-13,Kia,18,Sportage
150705,2023-05-17,2023-05-19,Kia,19,Spectra
150706,2023-02-13,2023-03-03,Dodge,14,"Dakota Club"
150707,2022-11-07,2022-11-28,Infiniti,19,QX56
150708,2024-07-27,2024-08-13,Ford,30,F150
150709,2023-08-03,2023-08-06,Buick,18,LeSabre
150710,2023-04-16,2023-05-08,Ford,24,Thunderbird
150711,2022-05-19,2022-05-28,Hyundai,11,"Santa Fe"
150712,2024-01-13,2024-01-24,"Land Rover",27,"Discovery Series II"
150713,2023-05-14,2023-05-31,Porsche,6,Boxster
150714,2024-05-26,2024-06-14,Ford,26,Mustang
150715,2024-07-21,2024-07-24,Pontiac,24,Firebird
150716,2023-12-02,2023-12-31,Chevrolet,14,Blazer
150717,2024-05-12,2024-05-24,Chevrolet,29,"Suburban 1500"
150718,2023-03-24,2023-04-01,Chevrolet,27,SSR
150719,2024-11-26,2024-12-12,Lexus,16,GS
150720,2024-11-16,2024-11-28,Chrysler,5,Crossfire
150721,2023-01-19,2023-02-08,Ford,13,F-Series
150722,2024-02-27,2024-03-13,GMC,23,"Savana 1500"
150723,2023-09-06,2023-09-20,Oldsmobile,30,Ciera
150724,2023-01-12,2023-02-02,BMW,17,X5
150725,2024-12-28,2025-01-02,Audi,26,A6
150726,2023-12-30,2024-01-29,GMC,6,"Sierra 2500"
150727,2022-12-17,2022-12-22,Lotus,15,Esprit
150728,2023-02-21,2023-03-15,Oldsmobile,14,Aurora
150729,2023-06-30,2023-07-20,Dodge,28,Magnum
150730,2024-01-20,2024-02-16,Volkswagen,27,Jetta
150731,2024-05-24,2024-06-11,Saab,29,9-2X
150732,2022-06-06,2022-06-18,Pontiac,29,Chevette
150733,2022-05-19,2022-05-30,Lexus,23,LS
150734,2022-10-26,2022-11-17,Maybach,12,57
150735,2023-07-10,2023-07-18,Pontiac,16,Bonneville
150736,2023-12-29,2024-01-06,Volvo,8,XC90
150737,2024-02-16,2024-02-20,Nissan,11,Sentra
150738,2023-11-19,2023-11-28,Ford,15,Ranger
150739,2023-03-28,2023-04-06,Nissan,20,Xterra
150740,2023-12-17,2024-01-13,Ford,21,E-Series
150741,2023-09-14,2023-10-08,Volkswagen,5,Eurovan
150742,2022-11-11,2022-11-21,Buick,8,LeSabre
150743,2023-03-29,2023-04-07,Lexus,7,ES
150744,2024-04-25,2024-05-10,Chevrolet,28,Tracker
150745,2024-12-12,2024-12-22,Chrysler,8,Cirrus
150746,2022-10-18,2022-11-11,Pontiac,16,Sunbird
150747,2023-02-18,2023-03-19,Buick,15,Somerset
150748,2024-09-12,2024-09-13,Ford,6,F250
150749,2023-08-30,2023-09-16,Hummer,10,"H2 SUT"
150750,2023-11-15,2023-12-12,Lincoln,13,"Town Car"
150751,2023-02-17,2023-02-27,Volkswagen,6,"New Beetle"
150752,2024-11-14,2024-12-03,BMW,15,"M Roadster"
150753,2022-07-16,2022-08-11,Toyota,18,Sienna
150754,2024-09-22,2024-09-24,Subaru,21,Impreza
150755,2022-09-12,2022-10-04,Ford,10,F250
150756,2024-04-12,2024-04-19,Mercedes-Benz,23,"SLS AMG"
150757,2024-12-15,2024-12-20,Volkswagen,27,"Type 2"
150758,2023-10-04,2023-10-18,Dodge,19,"Ram 3500"
150759,2022-12-13,2023-01-12,Lexus,13,ES
150760,2022-10-16,2022-10-23,Mercury,26,"Grand Marquis"
150761,2023-03-03,2023-03-17,Toyota,29,"Tacoma Xtra"
150762,2024-06-04,2024-06-12,Nissan,13,300ZX
150763,2023-03-11,2023-04-01,Acura,28,TSX
150764,2023-08-25,2023-09-09,Toyota,7,T100
150765,2024-07-05,2024-07-21,Mercedes-Benz,24,"Sprinter 2500"
150766,2024-08-29,2024-09-21,Isuzu,26,Trooper
150767,2023-02-14,2023-02-22,Chevrolet,22,Corvette
150768,2022-11-20,2022-12-10,Kia,8,Rio
150769,2023-09-27,2023-10-20,Suzuki,18,"Grand Vitara"
150770,2023-12-08,2023-12-14,Dodge,15,Viper
150771,2024-12-11,2024-12-15,Chevrolet,19,"Express 1500"
150772,2024-03-28,2024-04-19,Audi,16,A8
150773,2022-12-07,2022-12-21,Dodge,15,Intrepid
150774,2024-09-08,2024-09-17,Acura,20,TL
150775,2023-02-14,2023-03-16,Lincoln,19,Continental
150776,2024-10-12,2024-11-08,Ford,5,Fusion
150777,2024-05-12,2024-05-27,Mitsubishi,18,Lancer
150778,2024-12-13,2024-12-16,Mercedes-Benz,17,G-Class
150779,2024-12-17,2024-12-20,Cadillac,11,Seville
150780,2023-08-20,2023-08-21,Chevrolet,9,Silverado
150781,2023-06-29,2023-07-27,Dodge,11,Neon
150782,2023-08-12,2023-08-29,Acura,10,RL
150783,2024-07-12,2024-07-20,"Land Rover",7,"Range Rover Sport"
150784,2024-07-11,2024-08-01,Buick,10,LeSabre
150785,2023-03-23,2023-04-13,Maybach,5,Landaulet
150786,2022-10-20,2022-11-09,Nissan,21,Pathfinder
150787,2022-06-18,2022-06-22,Lotus,21,Esprit
150788,2022-10-30,2022-11-26,Dodge,11,Viper
150789,2022-07-18,2022-07-21,Chevrolet,26,"Silverado 2500"
150790,2022-06-07,2022-06-29,Dodge,27,"Dakota Club"
150791,2024-01-19,2024-01-24,Volkswagen,18,Cabriolet
150792,2024-01-31,2024-02-02,Dodge,18,Nitro
150793,2024-05-08,2024-05-21,Honda,24,Odyssey
150794,2023-05-04,2023-05-24,Toyota,21,Camry
150795,2024-08-08,2024-08-15,Plymouth,28,Neon
150796,2024-01-02,2024-01-06,Ford,25,"Econoline E250"
150797,2023-05-10,2023-06-09,Isuzu,28,Oasis
150798,2024-07-09,2024-07-19,Cadillac,8,Seville
150799,2023-04-19,2023-04-30,"Alfa Romeo",18,164
150800,2024-07-28,2024-08-17,Pontiac,8,Aztek
150801,2023-12-14,2024-01-03,Saturn,16,S-Series
150802,2023-10-05,2023-10-09,Mercedes-Benz,29,G-Class
150803,2024-07-18,2024-07-26,MINI,15,Cooper
150804,2024-02-25,2024-03-06,Ford,25,E-Series
150805,2023-02-12,2023-03-08,Dodge,27,Ramcharger
150806,2022-05-20,2022-06-01,Chrysler,23,"Town & Country"
150807,2024-09-11,2024-09-20,Audi,24,80
150808,2024-09-16,2024-10-15,BMW,30,"7 Series"
150809,2024-06-21,2024-07-10,Jeep,14,Patriot
150810,2024-12-08,2024-12-10,Mitsubishi,25,Diamante
150811,2023-10-05,2023-10-27,Dodge,21,"Ram 1500"
150812,2024-08-31,2024-09-29,GMC,8,"Suburban 2500"
150813,2024-05-05,2024-06-03,Geo,25,Tracker
150814,2023-07-12,2023-07-18,Cadillac,21,DeVille
150815,2023-05-24,2023-06-14,Ford,16,"Econoline E150"
150816,2023-08-15,2023-08-19,Dodge,6,Charger
150817,2023-10-23,2023-11-08,Nissan,26,240SX
150818,2024-05-26,2024-06-24,Ford,15,Festiva
150819,2023-03-10,2023-04-04,Ford,18,Ranger
150820,2024-08-15,2024-09-08,Suzuki,22,SX4
150821,2024-06-20,2024-07-19,BMW,14,X5
150822,2024-10-15,2024-11-02,Chevrolet,28,Corvette
150823,2024-09-24,2024-10-04,Buick,25,Century
150824,2024-06-11,2024-06-20,Buick,25,Somerset
150825,2024-08-08,2024-08-21,Saab,25,9000
150826,2023-11-02,2023-11-24,Chevrolet,8,"Suburban 1500"
150827,2024-11-28,2024-12-24,Ferrari,27,California
150828,2024-03-11,2024-03-20,Volkswagen,27,Golf
150829,2024-03-06,2024-03-07,Hummer,7,H1
150830,2023-07-25,2023-08-11,GMC,30,Yukon
150831,2022-08-26,2022-09-01,Chevrolet,21,Express
150832,2024-03-14,2024-04-08,Pontiac,8,Bonneville
150833,2022-07-05,2022-07-24,Cadillac,16,DTS
150834,2024-12-07,2024-12-11,Ford,24,Tempo
150835,2023-09-05,2023-09-28,Mazda,12,MX-5
150836,2023-12-17,2023-12-29,Porsche,7,911
150837,2024-01-17,2024-02-12,Ferrari,28,"F430 Spider"
150838,2022-09-28,2022-10-06,Mitsubishi,21,Challenger
150839,2024-12-27,2025-01-06,Ford,18,Fusion
150840,2023-11-01,2023-11-16,Mazda,24,626
150841,2022-05-18,2022-06-11,Chevrolet,29,"Suburban 1500"
150842,2024-03-17,2024-03-21,Volkswagen,7,Cabriolet
150843,2024-09-10,2024-09-23,Lexus,14,GS
150844,2024-01-17,2024-01-27,Subaru,15,Outback
150845,2023-10-29,2023-11-07,Isuzu,13,i-370
150846,2023-04-20,2023-05-06,Chevrolet,18,Beretta
150847,2022-08-13,2022-09-07,GMC,30,"Envoy XUV"
150848,2023-07-30,2023-08-15,GMC,14,"Yukon XL 1500"
150849,2024-03-31,2024-04-29,Mazda,30,Mazda6
150850,2022-09-29,2022-10-03,Lexus,17,RX
150851,2024-09-20,2024-09-22,Lamborghini,10,Murciélago
150852,2023-11-15,2023-11-18,Lincoln,8,Navigator
150853,2024-01-11,2024-01-14,Suzuki,26,Vitara
150854,2023-07-22,2023-07-30,Chevrolet,22,"G-Series 1500"
150855,2022-12-18,2023-01-03,Honda,25,Civic
150856,2023-09-02,2023-09-10,Cadillac,25,XLR-V
150857,2024-11-13,2024-12-04,Toyota,16,Tundra
150858,2024-04-29,2024-05-04,Dodge,9,Dakota
150859,2023-09-10,2023-09-11,Kia,9,Sedona
150860,2022-07-11,2022-07-17,Nissan,12,Sentra
150861,2023-09-10,2023-10-06,Mercedes-Benz,8,E-Class
150862,2024-02-09,2024-02-19,Dodge,17,"D150 Club"
150863,2023-12-22,2024-01-12,Subaru,17,Leone
150864,2023-08-22,2023-09-13,BMW,25,X3
150865,2023-03-02,2023-03-29,GMC,12,Jimmy
150866,2024-08-29,2024-09-05,Oldsmobile,26,Achieva
150867,2022-07-07,2022-07-19,Ford,17,Thunderbird
150868,2024-07-17,2024-08-02,Honda,13,Civic
150869,2024-03-18,2024-04-10,Mercedes-Benz,18,S-Class
150870,2024-07-30,2024-08-23,Volkswagen,12,Golf
150871,2023-09-19,2023-10-18,Mazda,17,626
150872,2023-06-17,2023-06-21,Dodge,8,D250
150873,2024-07-19,2024-07-20,Subaru,19,Impreza
150874,2023-11-10,2023-11-22,Ford,21,Courier
150875,2024-01-18,2024-02-05,Ford,9,Mustang
150876,2024-10-04,2024-10-22,Lexus,19,ES
150877,2024-02-07,2024-02-17,Chrysler,15,"Town & Country"
150878,2022-10-16,2022-10-25,Porsche,13,Cayman
150879,2024-03-15,2024-03-17,Toyota,29,Camry
150880,2022-12-18,2023-01-08,GMC,10,Yukon
150881,2024-10-13,2024-10-16,Ford,11,Bronco
150882,2022-10-08,2022-10-30,Mercedes-Benz,28,C-Class
150883,2023-07-24,2023-08-09,Mercedes-Benz,15,CLS-Class
150884,2022-11-29,2022-12-13,Lincoln,7,"Town Car"
150885,2024-01-04,2024-01-08,Buick,22,Century
150886,2024-09-10,2024-10-06,Mazda,24,Tribute
150887,2024-03-06,2024-03-07,Honda,22,"Civic Si"
150888,2022-12-31,2023-01-23,Dodge,19,"Ram 3500"
150889,2022-12-23,2023-01-02,GMC,5,"Savana 2500"
150890,2024-01-11,2024-01-27,Mazda,14,"Miata MX-5"
150891,2024-12-21,2024-12-26,Pontiac,27,Sunbird
150892,2024-03-27,2024-04-10,Porsche,7,968
150893,2023-12-05,2023-12-13,Jeep,6,Cherokee
150894,2023-07-10,2023-07-19,Pontiac,19,"Grand Prix"
150895,2023-10-31,2023-11-07,Plymouth,20,Colt
150896,2024-01-07,2024-01-20,"Land Rover",13,LR2
150897,2024-10-16,2024-11-01,Dodge,7,"Ram 3500"
150898,2023-10-05,2023-10-19,Suzuki,12,SX4
150899,2023-04-08,2023-04-16,GMC,24,"Yukon XL 2500"
150900,2022-11-10,2022-12-07,Buick,21,Skyhawk
150901,2022-08-24,2022-09-01,Volkswagen,7,Jetta
150902,2023-05-22,2023-06-19,Oldsmobile,13,Toronado
150903,2023-09-05,2023-09-24,Ford,28,Fusion
150904,2024-04-08,2024-04-23,Chevrolet,12,"Silverado 2500"
150905,2022-12-30,2023-01-03,Chevrolet,25,"Monte Carlo"
150906,2024-03-23,2024-04-12,Mitsubishi,26,Galant
150907,2023-01-09,2023-02-07,Audi,17,Cabriolet
150908,2023-10-23,2023-11-20,BMW,29,530
150909,2024-08-07,2024-08-17,Ford,13,Windstar
150910,2024-02-21,2024-03-10,Toyota,24,RAV4
150911,2024-11-03,2024-11-18,Dodge,30,Dakota
150912,2024-06-20,2024-07-02,Jaguar,18,XK
150913,2022-08-25,2022-09-19,Lincoln,16,MKZ
150914,2023-06-16,2023-07-07,Kia,17,Amanti
150915,2022-10-02,2022-10-22,Pontiac,7,LeMans
150916,2023-10-08,2023-11-06,Acura,12,Integra
150917,2023-10-18,2023-10-29,Volvo,28,S80
150918,2024-10-08,2024-10-22,Chevrolet,10,"Avalanche 1500"
150919,2024-08-28,2024-09-05,Mercedes-Benz,6,SL-Class
150920,2024-05-10,2024-05-20,Nissan,23,Maxima
150921,2023-10-16,2023-11-15,Chrysler,12,"Town & Country"
150922,2023-11-12,2023-11-22,Chevrolet,10,"Express 3500"
150923,2023-04-05,2023-04-24,Buick,16,LaCrosse
150924,2022-07-01,2022-07-25,Scion,9,xB
150925,2024-12-23,2024-12-27,Kia,27,Spectra5
150926,2023-07-29,2023-08-12,Nissan,19,Frontier
150927,2023-11-11,2023-12-04,Infiniti,7,QX
150928,2024-06-18,2024-07-03,Mercedes-Benz,6,W126
150929,2024-07-25,2024-08-18,Mitsubishi,23,Mirage
150930,2023-01-07,2023-01-08,Dodge,20,Dynasty
150931,2023-10-07,2023-10-25,Toyota,29,Tacoma
150932,2023-08-03,2023-08-26,Mazda,22,RX-8
150933,2023-07-14,2023-07-26,Chevrolet,10,"Bel Air"
150934,2022-06-15,2022-07-12,"Land Rover",11,"Range Rover"
150935,2024-03-10,2024-03-30,BMW,10,"6 Series"
150936,2024-01-27,2024-02-25,MINI,18,Cooper
150937,2023-11-25,2023-12-16,Audi,8,S4
150938,2023-06-01,2023-06-08,Pontiac,30,"Grand Prix"
150939,2022-11-11,2022-11-14,Honda,11,Ridgeline
150940,2022-10-20,2022-10-26,Mitsubishi,10,Eclipse
150941,2023-10-23,2023-11-09,Mercedes-Benz,15,R-Class
150942,2024-03-23,2024-04-21,Suzuki,14,Aerio
150943,2024-07-14,2024-07-17,"Land Rover",13,"Range Rover"
150944,2024-09-11,2024-10-07,Ferrari,10,"430 Scuderia"
150945,2023-08-24,2023-09-14,Volvo,9,S60
150946,2023-10-20,2023-11-13,GMC,9,"Sierra 1500"
150947,2022-09-05,2022-09-11,Jaguar,10,"XJ Series"
150948,2024-02-23,2024-02-27,Hyundai,20,Elantra
150949,2023-01-02,2023-01-03,Suzuki,9,Esteem
150950,2022-11-19,2022-12-07,Ford,13,Bronco
150951,2023-08-30,2023-09-12,Dodge,7,"Grand Caravan"
150952,2023-02-05,2023-02-21,Chevrolet,8,"Express 2500"
150953,2024-05-09,2024-05-17,Chevrolet,20,"Express 1500"
150954,2023-01-18,2023-01-23,Ford,6,Thunderbird
150955,2024-05-03,2024-05-23,Hyundai,17,Elantra
150956,2024-01-10,2024-01-18,Infiniti,15,QX
150957,2023-10-17,2023-10-29,Ford,26,Excursion
150958,2022-12-24,2023-01-09,Mercury,16,"Grand Marquis"
150959,2024-06-25,2024-07-17,Lincoln,7,MKX
150960,2024-10-03,2024-10-26,Suzuki,7,Verona
150961,2022-08-17,2022-08-23,Cadillac,11,DTS
150962,2024-04-17,2024-04-22,BMW,5,"7 Series"
150963,2023-06-09,2023-07-08,Lexus,7,LX
150964,2023-11-30,2023-12-04,Chevrolet,12,Corvette
150965,2022-10-05,2022-10-22,Toyota,10,Yaris
150966,2024-09-29,2024-10-04,Acura,13,Vigor
150967,2023-09-10,2023-09-28,Kia,14,Carens
150968,2024-04-13,2024-04-24,Nissan,13,Leaf
150969,2023-12-15,2023-12-27,Mazda,29,"Miata MX-5"
150970,2024-01-11,2024-01-14,Ford,15,EXP
150971,2023-08-26,2023-09-06,Oldsmobile,21,Toronado
150972,2022-08-24,2022-09-20,BMW,7,530
150973,2024-10-23,2024-10-26,Honda,27,Passport
150974,2023-10-22,2023-11-06,Honda,11,Fit
150975,2024-11-26,2024-11-30,Honda,25,Passport
150976,2022-09-30,2022-10-04,GMC,20,Yukon
150977,2022-08-17,2022-09-15,Toyota,25,Echo
150978,2024-10-16,2024-10-23,Ford,13,Mustang
150979,2023-04-16,2023-05-13,Honda,10,Pilot
150980,2023-07-04,2023-07-11,Kia,23,Mentor
150981,2023-06-02,2023-06-03,Toyota,5,"Tacoma Xtra"
150982,2023-09-12,2023-10-09,Volvo,7,XC70
150983,2024-09-17,2024-10-08,Mazda,5,"Mazdaspeed 3"
150984,2024-03-17,2024-03-22,Pontiac,19,Solstice
150985,2022-10-30,2022-11-14,Jaguar,20,S-Type
150986,2022-07-18,2022-08-04,Pontiac,20,Bonneville
150987,2024-12-04,2024-12-05,Buick,23,Electra
150988,2023-01-05,2023-01-07,Toyota,15,"Land Cruiser"
150989,2024-09-07,2024-10-03,Cadillac,5,Escalade
150990,2022-10-14,2022-10-17,Volkswagen,17,riolet
150991,2024-05-23,2024-06-07,Toyota,16,"Tacoma Xtra"
150992,2023-10-28,2023-11-19,"Land Rover",15,"Range Rover"
150993,2024-12-04,2024-12-15,Infiniti,19,QX56
150994,2022-07-27,2022-08-15,Oldsmobile,9,Regency
150995,2024-08-10,2024-09-06,Toyota,5,Previa
150996,2023-12-03,2023-12-25,Lexus,28,"IS F"
150997,2022-06-17,2022-06-24,Lincoln,8,MKT
150998,2022-11-10,2022-11-18,Lincoln,11,"Town Car"
150999,2022-12-03,2022-12-07,Chevrolet,28,S10
